<?xml version = '1.0' encoding = 'UTF-8'?>
<Relation class="oracle.dbtools.crest.model.design.logical.Relation" name="RENT TO DAMAGE" directorySegmentName="seg_0" id="3BD731F4-7E5D-6AF7-F79F-991740E367F4">
<createdBy>aahl0002</createdBy>
<createdTime>2020-05-01 17:54:13 UTC</createdTime>
<ownerDesignName>Property-Rental</ownerDesignName>
<engineerTo>
<item key="9F5CA2C0-2BBB-499D-2F25-90D9D2156E29" value="true"/>
</engineerTo>
<sourcePk>9DED05D7-BA3C-26C9-0D3A-6665FF9FE2B7</sourcePk>
<identifying>false</identifying>
<nameOnSource>responsibles</nameOnSource>
<optionalSource>true</optionalSource>
<optionalTarget>false</optionalTarget>
<sourceCardinality>1</sourceCardinality>
<sourceEntity>67B92F62-E714-8584-7B70-60FF41808509</sourceEntity>
<targetCardinalityString>*</targetCardinalityString>
<targetEntity>F9A140CE-9851-4D55-860E-CB0B2A6FDDB5</targetEntity>
<transferable>true</transferable>
<deleteRule>NO ACTION</deleteRule>
</Relation>
