<?xml version = '1.0' encoding = 'UTF-8'?>
<Relation class="oracle.dbtools.crest.model.design.logical.Relation" name="OWNER TO PROPERTY" directorySegmentName="seg_0" id="E6B9C692-8921-8B0E-DCF8-38BDCE5A8305">
<createdBy>aahl0002</createdBy>
<createdTime>2020-05-01 17:40:46 UTC</createdTime>
<ownerDesignName>Property-Rental</ownerDesignName>
<engineerTo>
<item key="9F5CA2C0-2BBB-499D-2F25-90D9D2156E29" value="true"/>
</engineerTo>
<sourcePk>0ABB9D6C-4F89-E6B6-0466-D067D194EC95</sourcePk>
<identifying>false</identifying>
<nameOnSource>owns</nameOnSource>
<optionalSource>false</optionalSource>
<optionalTarget>false</optionalTarget>
<sourceCardinality>1</sourceCardinality>
<sourceEntity>05BCB15A-4DF2-A532-6483-255BDCDC8190</sourceEntity>
<targetCardinalityString>*</targetCardinalityString>
<targetEntity>2C858DC7-3089-C042-9C15-0429DFE20EEF</targetEntity>
<transferable>true</transferable>
<deleteRule>NO ACTION</deleteRule>
</Relation>
