<?xml version = '1.0' encoding = 'UTF-8'?>
<Relation class="oracle.dbtools.crest.model.design.logical.Relation" name="PROPERTY TO RENT" directorySegmentName="seg_0" id="F309D569-3A80-47F4-6C75-022DF4C2AC87">
<createdBy>aahl0002</createdBy>
<createdTime>2020-05-01 17:46:23 UTC</createdTime>
<ownerDesignName>Property-Rental</ownerDesignName>
<engineerTo>
<item key="9F5CA2C0-2BBB-499D-2F25-90D9D2156E29" value="true"/>
</engineerTo>
<sourcePk>717623A5-4F23-E2E8-F64A-2E551477A676</sourcePk>
<identifying>true</identifying>
<nameOnSource>is</nameOnSource>
<optionalSource>true</optionalSource>
<optionalTarget>false</optionalTarget>
<sourceCardinality>1</sourceCardinality>
<sourceEntity>2C858DC7-3089-C042-9C15-0429DFE20EEF</sourceEntity>
<targetCardinalityString>*</targetCardinalityString>
<targetEntity>67B92F62-E714-8584-7B70-60FF41808509</targetEntity>
<transferable>true</transferable>
<deleteRule>NO ACTION</deleteRule>
</Relation>
