<?xml version = '1.0' encoding = 'UTF-8'?>
<Relation class="oracle.dbtools.crest.model.design.logical.Relation" name="RENT TO PAYMENT" directorySegmentName="seg_0" id="FD9D59E4-3606-7A18-638B-D05BAED413FD">
<createdBy>aahl0002</createdBy>
<createdTime>2020-05-01 17:52:12 UTC</createdTime>
<ownerDesignName>Property-Rental</ownerDesignName>
<engineerTo>
<item key="9F5CA2C0-2BBB-499D-2F25-90D9D2156E29" value="true"/>
</engineerTo>
<sourcePk>9DED05D7-BA3C-26C9-0D3A-6665FF9FE2B7</sourcePk>
<identifying>false</identifying>
<nameOnSource>makes</nameOnSource>
<optionalSource>true</optionalSource>
<optionalTarget>false</optionalTarget>
<sourceCardinality>1</sourceCardinality>
<sourceEntity>67B92F62-E714-8584-7B70-60FF41808509</sourceEntity>
<targetCardinalityString>*</targetCardinalityString>
<targetEntity>1EB08DAB-9E95-54D6-F0E2-3D47347106F9</targetEntity>
<transferable>true</transferable>
<deleteRule>NO ACTION</deleteRule>
</Relation>
