<?xml version = '1.0' encoding = 'UTF-8'?>
<Diagram class="oracle.dbtools.crest.swingui.logical.DPVLogical" name="Logical" id="2042C696-8CB5-B20A-AF27-70642DBBBD0B">
<createdBy>Aqeel</createdBy>
<modifiedBy>Aqeel</modifiedBy>
<createdTime>2020-05-09 19:54:34 UTC</createdTime>
<autoRoute>false</autoRoute>
<boxInbox>true</boxInbox>
<showLegend>true</showLegend>
<showLabels>true</showLabels>
<showRelAttributes>false</showRelAttributes>
<gridEnabled>true</gridEnabled>
<showGrid>false</showGrid>
<diagramColor>-1</diagramColor>
<display>false</display>
<notation>2</notation>
<showAllDetails>false</showAllDetails>
<showElements>true</showElements>
<objectViews>
<OView class="oracle.dbtools.crest.swingui.logical.TVEntity" oid="1EAB225B-EBB7-3244-FD14-3009A3B24159" otype="Entity" vid="368BD1C6-CD29-C939-3BB2-A7414D32E97E">
<hideElementsInCurrentOnly>false</hideElementsInCurrentOnly>
<bounds x="1000" y="0" width="201" height="161"/>
</OView>
<OView class="oracle.dbtools.crest.swingui.logical.TVEntity" oid="3557328C-42A1-7860-B994-616326DBCE92" otype="Entity" vid="42B6114A-53CE-748F-DF5A-715F42261406">
<hideElementsInCurrentOnly>false</hideElementsInCurrentOnly>
<bounds x="1000" y="500" width="201" height="141"/>
</OView>
<OView class="oracle.dbtools.crest.swingui.logical.TVEntity" oid="4C427B17-3866-3DF3-E175-93562A740B94" otype="Entity" vid="46CEE625-F289-AA0E-9C77-B8375D54E6E3">
<hideElementsInCurrentOnly>false</hideElementsInCurrentOnly>
<bounds x="340" y="270" width="271" height="131"/>
</OView>
<OView class="oracle.dbtools.crest.swingui.logical.TVEntity" oid="53B1B320-3C5F-5990-8988-E309095A7135" otype="Entity" vid="ACD06F7A-B932-D4B8-ED90-D8DFA41A5230">
<hideElementsInCurrentOnly>false</hideElementsInCurrentOnly>
<bounds x="340" y="40" width="271" height="110"/>
</OView>
<OView class="oracle.dbtools.crest.swingui.logical.TVEntity" oid="87202435-D4BB-6438-757C-FB54980A96C8" otype="Entity" vid="16E71C10-BC31-2058-9171-D81EE65E1D5C">
<hideElementsInCurrentOnly>false</hideElementsInCurrentOnly>
<bounds x="490" y="490" width="121" height="110"/>
</OView>
<OView class="oracle.dbtools.crest.swingui.TVLegend" oid="87D41789-2BD3-0832-144F-06A445CAF550" otype="Legend" vid="F27D6620-03EC-9278-E7B2-B158D8474229">
<hideElementsInCurrentOnly>false</hideElementsInCurrentOnly>
<bounds x="10" y="10" width="226" height="128"/>
</OView>
<OView class="oracle.dbtools.crest.swingui.logical.TVEntity" oid="8C7D5A07-7951-D21C-46DC-F79043A807A4" otype="Entity" vid="9E1E2669-9D8C-2670-64FB-D0B4CC62A7AF">
<hideElementsInCurrentOnly>false</hideElementsInCurrentOnly>
<bounds x="340" y="490" width="131" height="111"/>
</OView>
<OView class="oracle.dbtools.crest.swingui.logical.TVEntity" oid="954D9889-E9B8-53F4-7C04-9BDA585E6422" otype="Entity" vid="74173E7A-5FEE-B7E1-257C-5A54164D3FFE">
<hideElementsInCurrentOnly>false</hideElementsInCurrentOnly>
<bounds x="750" y="500" width="181" height="141"/>
</OView>
<OView class="oracle.dbtools.crest.swingui.logical.TVEntity" oid="E72F7B8E-397E-F767-9586-FA0A30D9D9EE" otype="Entity" vid="26EA512E-AE22-97DE-64D3-AC86A4B3610F">
<hideElementsInCurrentOnly>false</hideElementsInCurrentOnly>
<bounds x="1000" y="270" width="201" height="131"/>
</OView>
<OView class="oracle.dbtools.crest.swingui.logical.TVEntity" oid="FDF10E52-E972-6438-A989-3758D13CB174" otype="Entity" vid="612A3521-2D11-D93F-9E7D-CA42F7EE2E9F">
<hideElementsInCurrentOnly>false</hideElementsInCurrentOnly>
<bounds x="40" y="270" width="161" height="131"/>
</OView>
</objectViews>
<connectors>
<Connector class="oracle.dbtools.crest.swingui.logical.TVRelation" oid="475FD819-B08C-4E0B-171D-3B174FCE086F" otype="Relation" vid_source="74173E7A-5FEE-B7E1-257C-5A54164D3FFE" vid_target="42B6114A-53CE-748F-DF5A-715F42261406">
<hideElementsInCurrentOnly>false</hideElementsInCurrentOnly>
<backgroundColor>-16777216</backgroundColor>
<lineWidth>1</lineWidth>
<sourceLabel class="oracle.dbtools.crest.model.design.Label">
<site>0</site>
<labelBounds x="941" y="535" width="50" height="35"/>
<noBackgroundColor>true</noBackgroundColor>
<noForegroundColor>true</noForegroundColor>
</sourceLabel>
<points>
<point x="931" y="570"/>
<point x="1000" y="570"/>
</points>
</Connector>
<Connector class="oracle.dbtools.crest.swingui.logical.TVRelation" oid="68C0AF93-E86A-10AC-4EF3-271076731D35" otype="Relation" vid_source="46CEE625-F289-AA0E-9C77-B8375D54E6E3" vid_target="26EA512E-AE22-97DE-64D3-AC86A4B3610F">
<hideElementsInCurrentOnly>false</hideElementsInCurrentOnly>
<backgroundColor>-16777216</backgroundColor>
<lineWidth>1</lineWidth>
<sourceLabel class="oracle.dbtools.crest.model.design.Label">
<site>0</site>
<labelBounds x="621" y="305" width="60" height="30"/>
<noBackgroundColor>true</noBackgroundColor>
<noForegroundColor>true</noForegroundColor>
</sourceLabel>
<points>
<point x="611" y="335"/>
<point x="1000" y="335"/>
</points>
</Connector>
<Connector class="oracle.dbtools.crest.swingui.logical.TVRelation" oid="6BD53A4C-1F5F-B367-0786-258C25475671" otype="Relation" vid_source="46CEE625-F289-AA0E-9C77-B8375D54E6E3" vid_target="ACD06F7A-B932-D4B8-ED90-D8DFA41A5230">
<hideElementsInCurrentOnly>false</hideElementsInCurrentOnly>
<backgroundColor>-16777216</backgroundColor>
<lineWidth>1</lineWidth>
<sourceLabel class="oracle.dbtools.crest.model.design.Label">
<site>0</site>
<labelBounds x="475" y="234" width="32" height="30"/>
<noBackgroundColor>true</noBackgroundColor>
<noForegroundColor>true</noForegroundColor>
</sourceLabel>
<points>
<point x="475" y="270"/>
<point x="475" y="150"/>
</points>
</Connector>
<Connector class="oracle.dbtools.crest.swingui.logical.TVRelation" oid="6C9DFA7B-2648-E1D9-77B5-BC2A08136BC2" otype="Relation" vid_source="368BD1C6-CD29-C939-3BB2-A7414D32E97E" vid_target="26EA512E-AE22-97DE-64D3-AC86A4B3610F">
<hideElementsInCurrentOnly>false</hideElementsInCurrentOnly>
<backgroundColor>-16777216</backgroundColor>
<lineWidth>1</lineWidth>
<sourceLabel class="oracle.dbtools.crest.model.design.Label">
<site>0</site>
<labelBounds x="1100" y="197" width="41" height="30"/>
<noBackgroundColor>true</noBackgroundColor>
<noForegroundColor>true</noForegroundColor>
</sourceLabel>
<points>
<point x="1100" y="161"/>
<point x="1100" y="270"/>
</points>
</Connector>
<Connector class="oracle.dbtools.crest.swingui.logical.TVRelation" oid="73411C46-7661-8100-D2A6-F19CD6C53288" otype="Relation" vid_source="612A3521-2D11-D93F-9E7D-CA42F7EE2E9F" vid_target="46CEE625-F289-AA0E-9C77-B8375D54E6E3">
<hideElementsInCurrentOnly>false</hideElementsInCurrentOnly>
<backgroundColor>-16777216</backgroundColor>
<lineWidth>1</lineWidth>
<sourceLabel class="oracle.dbtools.crest.model.design.Label">
<site>0</site>
<labelBounds x="211" y="309" width="46" height="26"/>
<noBackgroundColor>true</noBackgroundColor>
<noForegroundColor>true</noForegroundColor>
</sourceLabel>
<points>
<point x="201" y="335"/>
<point x="340" y="335"/>
</points>
</Connector>
<Connector class="oracle.dbtools.crest.swingui.logical.TVRelation" oid="8D6C4512-7EB9-6E9B-0AC3-71D0C1145B2F" otype="Relation" vid_source="16E71C10-BC31-2058-9171-D81EE65E1D5C" vid_target="16E71C10-BC31-2058-9171-D81EE65E1D5C">
<hideElementsInCurrentOnly>false</hideElementsInCurrentOnly>
<backgroundColor>-16777216</backgroundColor>
<lineWidth>1</lineWidth>
<sourceLabel class="oracle.dbtools.crest.model.design.Label">
<site>0</site>
<labelBounds x="636" y="539" width="32" height="30"/>
<noBackgroundColor>true</noBackgroundColor>
<noForegroundColor>true</noForegroundColor>
</sourceLabel>
<points>
<point x="611" y="554"/>
<point x="636" y="554"/>
<point x="636" y="625"/>
<point x="561" y="625"/>
<point x="561" y="600"/>
</points>
</Connector>
<Connector class="oracle.dbtools.crest.swingui.logical.TVRelation" oid="931A7974-6F5E-F1AF-4EC3-1E4C0F2338AF" otype="Relation" vid_source="16E71C10-BC31-2058-9171-D81EE65E1D5C" vid_target="46CEE625-F289-AA0E-9C77-B8375D54E6E3">
<hideElementsInCurrentOnly>false</hideElementsInCurrentOnly>
<backgroundColor>-16777216</backgroundColor>
<lineWidth>1</lineWidth>
<sourceLabel class="oracle.dbtools.crest.model.design.Label">
<site>0</site>
<labelBounds x="550" y="454" width="71" height="30"/>
<noBackgroundColor>true</noBackgroundColor>
<noForegroundColor>true</noForegroundColor>
</sourceLabel>
<points>
<point x="550" y="490"/>
<point x="550" y="401"/>
</points>
</Connector>
<Connector class="oracle.dbtools.crest.swingui.logical.TVRelation" oid="A7F85A12-A4DF-367A-9A0D-3DD747BEB01D" otype="Relation" vid_source="368BD1C6-CD29-C939-3BB2-A7414D32E97E" vid_target="ACD06F7A-B932-D4B8-ED90-D8DFA41A5230">
<hideElementsInCurrentOnly>false</hideElementsInCurrentOnly>
<backgroundColor>-16777216</backgroundColor>
<lineWidth>1</lineWidth>
<sourceLabel class="oracle.dbtools.crest.model.design.Label">
<site>0</site>
<labelBounds x="750" y="65" width="244" height="30"/>
<noBackgroundColor>true</noBackgroundColor>
<noForegroundColor>true</noForegroundColor>
</sourceLabel>
<points>
<point x="1000" y="95"/>
<point x="611" y="95"/>
</points>
</Connector>
<Connector class="oracle.dbtools.crest.swingui.logical.TVRelation" oid="C4A20B87-ECA6-04C3-A2CE-3BD4711C921E" otype="Relation" vid_source="26EA512E-AE22-97DE-64D3-AC86A4B3610F" vid_target="42B6114A-53CE-748F-DF5A-715F42261406">
<hideElementsInCurrentOnly>false</hideElementsInCurrentOnly>
<backgroundColor>-16777216</backgroundColor>
<lineWidth>1</lineWidth>
<sourceLabel class="oracle.dbtools.crest.model.design.Label">
<site>0</site>
<labelBounds x="1100" y="445" width="64" height="30"/>
<noBackgroundColor>true</noBackgroundColor>
<noForegroundColor>true</noForegroundColor>
</sourceLabel>
<points>
<point x="1100" y="401"/>
<point x="1100" y="500"/>
</points>
</Connector>
<Connector class="oracle.dbtools.crest.swingui.logical.TVRelation" oid="D953DC73-AABC-1EE2-F5FA-12EBCB56808B" otype="Relation" vid_source="9E1E2669-9D8C-2670-64FB-D0B4CC62A7AF" vid_target="46CEE625-F289-AA0E-9C77-B8375D54E6E3">
<hideElementsInCurrentOnly>false</hideElementsInCurrentOnly>
<backgroundColor>-16777216</backgroundColor>
<lineWidth>1</lineWidth>
<sourceLabel class="oracle.dbtools.crest.model.design.Label">
<site>0</site>
<labelBounds x="405" y="454" width="71" height="30"/>
<noBackgroundColor>true</noBackgroundColor>
<noForegroundColor>true</noForegroundColor>
</sourceLabel>
<points>
<point x="405" y="490"/>
<point x="405" y="401"/>
</points>
</Connector>
</connectors>
</Diagram>
