<?xml version = '1.0' encoding = 'UTF-8'?>
<relationalModel class="oracle.dbtools.crest.model.design.relational.RelationalDesign" name="Relational Model" id="8D5A2D2B-DE4B-0725-51C6-FDD6DB411F77" mainViewID="67F5FECB-CC83-7599-80BA-B464BF8D2279">
<createdBy>Aqeel</createdBy>
<createdTime>2020-05-12 18:15:32 UTC</createdTime>
<ownerDesignName>mau_oraclemodel</ownerDesignName>
<shouldBeOpen>false</shouldBeOpen>
<selectedRDBMSSite>32076570-2523-435C-2E92-BF29817DFF70</selectedRDBMSSite>
</relationalModel>
