<?xml version = '1.0' encoding = 'UTF-8'?>
<Relation class="oracle.dbtools.crest.model.design.logical.Relation" name="CUSTOMER-SALE" directorySegmentName="seg_0" id="475FD819-B08C-4E0B-171D-3B174FCE086F">
<createdBy>Aqeel</createdBy>
<createdTime>2020-05-10 12:51:31 UTC</createdTime>
<ownerDesignName>mau_oraclemodel</ownerDesignName>
<engineerTo>
<item key="361662CE-2251-6BFA-24EA-93A2A87D17C0" value="true"/>
</engineerTo>
<sourcePk>29291AC3-1B15-C3C9-736F-AFA68D191FFE</sourcePk>
<identifying>false</identifying>
<nameOnSource>makes</nameOnSource>
<optionalSource>true</optionalSource>
<optionalTarget>false</optionalTarget>
<sourceCardinality>1</sourceCardinality>
<sourceEntity>954D9889-E9B8-53F4-7C04-9BDA585E6422</sourceEntity>
<targetCardinalityString>*</targetCardinalityString>
<targetEntity>3557328C-42A1-7860-B994-616326DBCE92</targetEntity>
<transferable>true</transferable>
<deleteRule>NO ACTION</deleteRule>
</Relation>
