<?xml version = '1.0' encoding = 'UTF-8'?>
<Relation class="oracle.dbtools.crest.model.design.logical.Relation" name="ARTWORK-EXHIBITION" directorySegmentName="seg_0" id="68C0AF93-E86A-10AC-4EF3-271076731D35">
<createdBy>Aqeel</createdBy>
<createdTime>2020-05-10 12:48:47 UTC</createdTime>
<ownerDesignName>mau_oraclemodel</ownerDesignName>
<engineerTo>
<item key="361662CE-2251-6BFA-24EA-93A2A87D17C0" value="true"/>
</engineerTo>
<sourcePk>E2E37B92-41B9-7CA1-B89C-0AA091B35546</sourcePk>
<identifying>false</identifying>
<nameOnSource>exhibits</nameOnSource>
<optionalSource>true</optionalSource>
<optionalTarget>false</optionalTarget>
<sourceCardinality>1</sourceCardinality>
<sourceEntity>4C427B17-3866-3DF3-E175-93562A740B94</sourceEntity>
<targetCardinalityString>*</targetCardinalityString>
<targetEntity>E72F7B8E-397E-F767-9586-FA0A30D9D9EE</targetEntity>
<transferable>true</transferable>
<deleteRule>NO ACTION</deleteRule>
</Relation>
