<?xml version = '1.0' encoding = 'UTF-8'?>
<Relation class="oracle.dbtools.crest.model.design.logical.Relation" name="ARTWORK-CURRENT_STATUS" directorySegmentName="seg_0" id="6BD53A4C-1F5F-B367-0786-258C25475671">
<createdBy>Aqeel</createdBy>
<createdTime>2020-05-10 12:58:58 UTC</createdTime>
<ownerDesignName>mau_oraclemodel</ownerDesignName>
<engineerTo>
<item key="361662CE-2251-6BFA-24EA-93A2A87D17C0" value="true"/>
</engineerTo>
<sourcePk>E2E37B92-41B9-7CA1-B89C-0AA091B35546</sourcePk>
<identifying>true</identifying>
<nameOnSource>has</nameOnSource>
<optionalSource>false</optionalSource>
<optionalTarget>false</optionalTarget>
<sourceCardinality>1</sourceCardinality>
<sourceEntity>4C427B17-3866-3DF3-E175-93562A740B94</sourceEntity>
<targetCardinalityString>*</targetCardinalityString>
<targetEntity>53B1B320-3C5F-5990-8988-E309095A7135</targetEntity>
<transferable>true</transferable>
<deleteRule>NO ACTION</deleteRule>
</Relation>
