<?xml version = '1.0' encoding = 'UTF-8'?>
<Relation class="oracle.dbtools.crest.model.design.logical.Relation" name="EXHIBITION-SALE" directorySegmentName="seg_0" id="C4A20B87-ECA6-04C3-A2CE-3BD4711C921E">
<createdBy>Aqeel</createdBy>
<createdTime>2020-05-12 02:35:10 UTC</createdTime>
<ownerDesignName>mau_oraclemodel</ownerDesignName>
<engineerTo>
<item key="361662CE-2251-6BFA-24EA-93A2A87D17C0" value="true"/>
<item key="5F4C571D-E89A-CA4C-A546-137553471CF6" value="true"/>
</engineerTo>
<sourcePk>71CB748C-EE04-6DC2-4CB1-E5D3BEEAC249</sourcePk>
<identifying>false</identifying>
<nameOnSource>generates</nameOnSource>
<optionalSource>true</optionalSource>
<optionalTarget>false</optionalTarget>
<sourceCardinality>1</sourceCardinality>
<sourceEntity>E72F7B8E-397E-F767-9586-FA0A30D9D9EE</sourceEntity>
<targetCardinalityString>1</targetCardinalityString>
<targetEntity>3557328C-42A1-7860-B994-616326DBCE92</targetEntity>
<transferable>true</transferable>
<deleteRule>NO ACTION</deleteRule>
</Relation>
