<?xml version = '1.0' encoding = 'UTF-8'?>
<FKIndexAssociation class="oracle.dbtools.crest.model.design.relational.FKIndexAssociation" directorySegmentName="seg_0" id="18111BEE-C54D-B553-1001-1DF5CBFD3690" containerWithKeyObject="8ACA581E-3842-8465-276D-40DF15F74604" localFKIndex="0AADFA19-89C3-DAB7-8478-C6983C7DFD09" name="GALLERY-EXHIBITION">
<createdBy>Aqeel</createdBy>
<createdTime>2020-05-12 18:15:54 UTC</createdTime>
<generatorID>6C9DFA7B-2648-E1D9-77B5-BC2A08136BC2</generatorID>
<ownerDesignName>mau_oraclemodel</ownerDesignName>
<referredTableLongName>GALLERY</referredTableLongName>
<deleteRule>NO ACTION</deleteRule>
<referredTableID>4FE23E07-BA0F-BD28-9B6E-2E62EE9EF0C6</referredTableID>
<keyObject>DACC3A70-EFB1-DBDD-8959-0C499E06991F</keyObject>
<referredKeyID>DACC3A70-EFB1-DBDD-8959-0C499E06991F</referredKeyID>
<mandatory>true</mandatory>
<refColNames>gallery_id</refColNames>
<transferable>true</transferable>
<rely>false</rely>
<columnDependencyConstraintGenerateInDDL>true</columnDependencyConstraintGenerateInDDL>
</FKIndexAssociation>
