<?xml version = '1.0' encoding = 'UTF-8'?>
<FKIndexAssociation class="oracle.dbtools.crest.model.design.relational.FKIndexAssociation" directorySegmentName="seg_0" id="52858284-B20C-0FB6-B5F8-F3BF3BC12D19" containerWithKeyObject="987D694F-CF14-9134-F5D6-A2E1500F32DA" localFKIndex="6761F176-780A-F865-DAD5-8AC9A20FBB1D" name="ARTWORK-CURRENT_STATUS">
<createdBy>Aqeel</createdBy>
<createdTime>2020-05-12 18:15:54 UTC</createdTime>
<generatorID>6BD53A4C-1F5F-B367-0786-258C25475671</generatorID>
<ownerDesignName>mau_oraclemodel</ownerDesignName>
<referredTableLongName>ARTWORK</referredTableLongName>
<deleteRule>NO ACTION</deleteRule>
<referredTableID>27472A89-E6D0-D4D7-0CD1-A216ED315E5A</referredTableID>
<keyObject>0E16A728-218B-9839-EBBB-829DE6BCD70F</keyObject>
<referredKeyID>0E16A728-218B-9839-EBBB-829DE6BCD70F</referredKeyID>
<mandatory>true</mandatory>
<refColNames>artwork_no,artist_code</refColNames>
<transferable>true</transferable>
<rely>false</rely>
<columnDependencyConstraintGenerateInDDL>true</columnDependencyConstraintGenerateInDDL>
</FKIndexAssociation>
