<?xml version = '1.0' encoding = 'UTF-8'?>
<relationalModel class="oracle.dbtools.crest.model.design.relational.RelationalDesign" name="Relational_1" id="0163F46F-69B9-68A2-9C96-2B500A751F06" mainViewID="05B63BE9-080B-4CFA-D311-FA5E2CA5E078">
<createdBy>aahl0002</createdBy>
<createdTime>2020-05-02 13:46:39 UTC</createdTime>
<ownerDesignName>Property-Rental</ownerDesignName>
<shouldBeOpen>false</shouldBeOpen>
<selectedRDBMSSite>32076570-2523-435C-2E92-BF29817DFF70</selectedRDBMSSite>
</relationalModel>
