<?xml version = '1.0' encoding = 'UTF-8'?>
<Table class="oracle.dbtools.crest.model.design.relational.Table" directorySegmentName="seg_0" id="1A6FD73D-2F79-E9AE-EFC8-49137D42F095" name="STYLE">
<createdBy>Aqeel</createdBy>
<createdTime>2020-05-12 18:15:54 UTC</createdTime>
<generatorID>87202435-D4BB-6438-757C-FB54980A96C8</generatorID>
<ownerDesignName>mau_oraclemodel</ownerDesignName>
<allowColumnReorder>false</allowColumnReorder>
<existDependencyGenerateInDDl>true</existDependencyGenerateInDDl>
<parsed>true</parsed>
<columns itemClass="oracle.dbtools.crest.model.design.relational.Column">
<Column name="style_artwork" id="EFD809FB-A848-AF6D-688B-520669F573CC">
<createdBy>Aqeel</createdBy>
<createdTime>2020-05-12 18:15:54 UTC</createdTime>
<commentInRDBMS><![CDATA[Child/Parent Style]]></commentInRDBMS>
<generatorID>9FEEFB67-C59D-B0B5-A459-698D3068797B</generatorID>
<ownerDesignName>mau_oraclemodel</ownerDesignName>
<useDomainConstraints>false</useDomainConstraints>
<use>1</use>
<logicalDatatype>LOGDT024</logicalDatatype>
<dataTypeSize>30</dataTypeSize>
<ownDataTypeParameters>30,,</ownDataTypeParameters>
<autoIncrementCycle>false</autoIncrementCycle>
</Column>
<Column name="style_parent" id="A0B8DA4F-FC1D-90A2-713A-C070EA3E53EF">
<createdBy>Aqeel</createdBy>
<createdTime>2020-05-12 18:15:54 UTC</createdTime>
<commentInRDBMS><![CDATA[Parent Style]]></commentInRDBMS>
<generatorID>872F9280-4D1A-754E-08B6-E40044440804</generatorID>
<ownerDesignName>mau_oraclemodel</ownerDesignName>
<nullsAllowed>true</nullsAllowed>
<useDomainConstraints>false</useDomainConstraints>
<use>1</use>
<logicalDatatype>LOGDT024</logicalDatatype>
<dataTypeSize>30</dataTypeSize>
<ownDataTypeParameters>30,,</ownDataTypeParameters>
<autoIncrementCycle>false</autoIncrementCycle>
</Column>
<Column name="art_style" id="05DE8305-74F1-8ECF-417C-4DD5EEFC5A37">
<createdBy>Aqeel</createdBy>
<createdTime>2020-05-12 18:15:54 UTC</createdTime>
<commentInRDBMS><![CDATA[Child/Parent Style]]></commentInRDBMS>
<generatorID>EAB82F8C-0650-E38B-695E-F42E9A236358</generatorID>
<ownerDesignName>mau_oraclemodel</ownerDesignName>
<nullsAllowed>true</nullsAllowed>
<useDomainConstraints>false</useDomainConstraints>
<use>1</use>
<logicalDatatype>LOGDT024</logicalDatatype>
<dataTypeSize>30</dataTypeSize>
<ownDataTypeParameters>,,</ownDataTypeParameters>
<previousColumn>false</previousColumn>
<autoIncrementCycle>false</autoIncrementCycle>
<associations>
<colAssociation fkAssociation="D2C2B158-BF52-137E-0686-C3AB18EC3D1A" referredColumn="EFD809FB-A848-AF6D-688B-520669F573CC"/>
</associations>
</Column>
</columns>
<indexes itemClass="oracle.dbtools.crest.model.design.relational.Index">
<ind_PK_UK id="F94530D0-28BB-A92E-53AF-64AAD1B129D4" name="STYLE_PK">
<createdBy>Aqeel</createdBy>
<createdTime>2020-05-12 18:15:54 UTC</createdTime>
<generatorID>B007D11B-3394-374E-846B-F0319A9D1C55</generatorID>
<ownerDesignName>mau_oraclemodel</ownerDesignName>
<pk>true</pk>
<indexState>Primary Constraint</indexState>
<isSurrogateKey>false</isSurrogateKey>
<indexColumnUsage>
<colUsage columnID="EFD809FB-A848-AF6D-688B-520669F573CC"/>
</indexColumnUsage>
</ind_PK_UK>
<ind_PK_UK id="6CE949CA-B2DB-9D60-AD01-EC783C1ABA08" name="STYLE-STYLE">
<createdBy>Aqeel</createdBy>
<createdTime>2020-05-12 18:15:54 UTC</createdTime>
<generatorID>8D6C4512-7EB9-6E9B-0AC3-71D0C1145B2F</generatorID>
<ownerDesignName>mau_oraclemodel</ownerDesignName>
<indexState>Foreign Key</indexState>
<isSurrogateKey>false</isSurrogateKey>
<indexColumnUsage>
<colUsage columnID="05DE8305-74F1-8ECF-417C-4DD5EEFC5A37"/>
</indexColumnUsage>
</ind_PK_UK>
</indexes>
</Table>
