<?xml version = '1.0' encoding = 'UTF-8'?>
<Table class="oracle.dbtools.crest.model.design.relational.Table" directorySegmentName="seg_0" id="27472A89-E6D0-D4D7-0CD1-A216ED315E5A" name="ARTWORK">
<createdBy>Aqeel</createdBy>
<createdTime>2020-05-12 18:15:54 UTC</createdTime>
<generatorID>4C427B17-3866-3DF3-E175-93562A740B94</generatorID>
<ownerDesignName>mau_oraclemodel</ownerDesignName>
<allowColumnReorder>false</allowColumnReorder>
<existDependencyGenerateInDDl>true</existDependencyGenerateInDDl>
<parsed>true</parsed>
<columns itemClass="oracle.dbtools.crest.model.design.relational.Column">
<Column name="artist_code" id="1CDE58EA-8140-4C20-CE62-763F0C9C3765">
<createdBy>Aqeel</createdBy>
<createdTime>2020-05-12 18:15:54 UTC</createdTime>
<commentInRDBMS><![CDATA[Artist Code]]></commentInRDBMS>
<generatorID>B9F85745-5974-90D0-C139-E23B5FBEFBA6</generatorID>
<ownerDesignName>mau_oraclemodel</ownerDesignName>
<useDomainConstraints>false</useDomainConstraints>
<use>1</use>
<logicalDatatype>LOGDT019</logicalDatatype>
<dataTypePrecision>5</dataTypePrecision>
<ownDataTypeParameters>,,</ownDataTypeParameters>
<previousColumn>false</previousColumn>
<autoIncrementCycle>false</autoIncrementCycle>
<associations>
<colAssociation fkAssociation="B5B4BEFB-5AE6-EA28-79A4-69DA3AE1F683" referredColumn="5DBEAC82-B2EE-61E1-C2B1-F0F148E80E68"/>
</associations>
</Column>
<Column name="artwork_no" id="D03A5BA5-C3E7-87AF-FE64-49E2962097E8">
<createdBy>Aqeel</createdBy>
<createdTime>2020-05-12 18:15:54 UTC</createdTime>
<commentInRDBMS><![CDATA[Artwork Number]]></commentInRDBMS>
<generatorID>E898D6A1-8877-0847-7904-A012A9A5AD29</generatorID>
<ownerDesignName>mau_oraclemodel</ownerDesignName>
<useDomainConstraints>false</useDomainConstraints>
<use>1</use>
<logicalDatatype>LOGDT019</logicalDatatype>
<dataTypePrecision>4</dataTypePrecision>
<ownDataTypeParameters>,4,</ownDataTypeParameters>
<autoIncrementCycle>false</autoIncrementCycle>
</Column>
<Column name="artwork_title" id="F11D5EE9-67FC-7138-DB1D-0BF95D762F06">
<createdBy>Aqeel</createdBy>
<createdTime>2020-05-12 18:15:54 UTC</createdTime>
<commentInRDBMS><![CDATA[Artwork Title]]></commentInRDBMS>
<generatorID>D38365E2-026F-5106-ECBC-FEEA2E24D6A6</generatorID>
<ownerDesignName>mau_oraclemodel</ownerDesignName>
<useDomainConstraints>false</useDomainConstraints>
<use>1</use>
<logicalDatatype>LOGDT024</logicalDatatype>
<dataTypeSize>50</dataTypeSize>
<ownDataTypeParameters>50,,</ownDataTypeParameters>
<autoIncrementCycle>false</autoIncrementCycle>
</Column>
<Column name="artwork_date_added_to_stock" id="A65D8598-8443-6807-F2B0-89AB2703262F">
<createdBy>Aqeel</createdBy>
<createdTime>2020-05-12 18:15:54 UTC</createdTime>
<commentInRDBMS><![CDATA[The date in which the artwork was accepted into MAU]]></commentInRDBMS>
<generatorID>D9DBE260-B96A-7E84-9214-ACAAD0E9D0C0</generatorID>
<ownerDesignName>mau_oraclemodel</ownerDesignName>
<useDomainConstraints>false</useDomainConstraints>
<use>1</use>
<logicalDatatype>LOGDT007</logicalDatatype>
<ownDataTypeParameters>,,</ownDataTypeParameters>
<autoIncrementCycle>false</autoIncrementCycle>
</Column>
<Column name="artwork_minimum_price" id="D7E9B067-21C1-DCD5-16BA-E439967FDAFE">
<createdBy>Aqeel</createdBy>
<createdTime>2020-05-12 18:15:54 UTC</createdTime>
<commentInRDBMS><![CDATA[Artwork Minimum Price]]></commentInRDBMS>
<generatorID>5178BAE5-1B0D-57E9-DA09-5A7C40768174</generatorID>
<ownerDesignName>mau_oraclemodel</ownerDesignName>
<constraintName>CHK_ART_MIN_PRICE</constraintName>
<useDomainConstraints>false</useDomainConstraints>
<use>1</use>
<logicalDatatype>LOGDT019</logicalDatatype>
<dataTypePrecision>10</dataTypePrecision>
<dataTypeScale>2</dataTypeScale>
<checkConstraint>
<implementationDef dbType="Oracle Database 11g" definition="artwork_minimum_price &gt; 0"/>
</checkConstraint>
<ownDataTypeParameters>,10,2</ownDataTypeParameters>
<autoIncrementCycle>false</autoIncrementCycle>
</Column>
<Column name="style_artwork" id="634B362B-86D9-DD1F-565C-1E9CFBCA993B">
<createdBy>Aqeel</createdBy>
<createdTime>2020-05-12 18:15:54 UTC</createdTime>
<commentInRDBMS><![CDATA[Child/Parent Style]]></commentInRDBMS>
<generatorID>4EF2DFC9-BE03-058E-D883-3CBEB170B05A</generatorID>
<ownerDesignName>mau_oraclemodel</ownerDesignName>
<useDomainConstraints>false</useDomainConstraints>
<use>1</use>
<logicalDatatype>LOGDT024</logicalDatatype>
<dataTypeSize>30</dataTypeSize>
<ownDataTypeParameters>,,</ownDataTypeParameters>
<previousColumn>false</previousColumn>
<autoIncrementCycle>false</autoIncrementCycle>
<associations>
<colAssociation fkAssociation="5D27EE9E-6C12-5AB2-17BE-B819361B4B1F" referredColumn="EFD809FB-A848-AF6D-688B-520669F573CC"/>
</associations>
</Column>
<Column name="media_id" id="CD4C6022-54A1-FF2D-96DE-2A588775F23D">
<createdBy>Aqeel</createdBy>
<createdTime>2020-05-12 18:15:54 UTC</createdTime>
<commentInRDBMS><![CDATA[Surrogate Key: Media ID]]></commentInRDBMS>
<generatorID>47468157-2EB2-9EB7-6204-DB09D2BBE2EE</generatorID>
<ownerDesignName>mau_oraclemodel</ownerDesignName>
<useDomainConstraints>false</useDomainConstraints>
<use>1</use>
<logicalDatatype>LOGDT019</logicalDatatype>
<dataTypePrecision>5</dataTypePrecision>
<ownDataTypeParameters>,,</ownDataTypeParameters>
<previousColumn>false</previousColumn>
<autoIncrementCycle>false</autoIncrementCycle>
<associations>
<colAssociation fkAssociation="5FE4BFAB-121C-8BDB-F659-6A164F89EECA" referredColumn="85343336-3BD8-13BB-08EA-FBB89AB7E08A"/>
</associations>
</Column>
</columns>
<indexes itemClass="oracle.dbtools.crest.model.design.relational.Index">
<ind_PK_UK id="0E16A728-218B-9839-EBBB-829DE6BCD70F" name="ARTWORK_PK">
<createdBy>Aqeel</createdBy>
<createdTime>2020-05-12 18:15:54 UTC</createdTime>
<generatorID>E2E37B92-41B9-7CA1-B89C-0AA091B35546</generatorID>
<ownerDesignName>mau_oraclemodel</ownerDesignName>
<pk>true</pk>
<indexState>Primary Constraint</indexState>
<isSurrogateKey>false</isSurrogateKey>
<indexColumnUsage>
<colUsage columnID="D03A5BA5-C3E7-87AF-FE64-49E2962097E8"/>
<colUsage columnID="1CDE58EA-8140-4C20-CE62-763F0C9C3765"/>
</indexColumnUsage>
</ind_PK_UK>
<ind_PK_UK id="B098C63E-BFF2-F15B-8A69-9B8093FF5BDC" name="ARTIST-ARTWORK">
<createdBy>Aqeel</createdBy>
<createdTime>2020-05-12 18:15:54 UTC</createdTime>
<generatorID>73411C46-7661-8100-D2A6-F19CD6C53288</generatorID>
<ownerDesignName>mau_oraclemodel</ownerDesignName>
<indexState>Foreign Key</indexState>
<isSurrogateKey>false</isSurrogateKey>
<indexColumnUsage>
<colUsage columnID="1CDE58EA-8140-4C20-CE62-763F0C9C3765"/>
</indexColumnUsage>
</ind_PK_UK>
<ind_PK_UK id="4CDCDEF3-503F-C6AB-1B4E-8C4209E3306A" name="MEDIA_DESCRIPTION-_ARTWORK">
<createdBy>Aqeel</createdBy>
<createdTime>2020-05-12 18:15:54 UTC</createdTime>
<generatorID>D953DC73-AABC-1EE2-F5FA-12EBCB56808B</generatorID>
<ownerDesignName>mau_oraclemodel</ownerDesignName>
<indexState>Foreign Key</indexState>
<isSurrogateKey>false</isSurrogateKey>
<indexColumnUsage>
<colUsage columnID="CD4C6022-54A1-FF2D-96DE-2A588775F23D"/>
</indexColumnUsage>
</ind_PK_UK>
<ind_PK_UK id="72AA90B8-A452-6270-6794-31D711C6980E" name="STYLE-ARTWORK">
<createdBy>Aqeel</createdBy>
<createdTime>2020-05-12 18:15:54 UTC</createdTime>
<generatorID>931A7974-6F5E-F1AF-4EC3-1E4C0F2338AF</generatorID>
<ownerDesignName>mau_oraclemodel</ownerDesignName>
<indexState>Foreign Key</indexState>
<isSurrogateKey>false</isSurrogateKey>
<indexColumnUsage>
<colUsage columnID="634B362B-86D9-DD1F-565C-1E9CFBCA993B"/>
</indexColumnUsage>
</ind_PK_UK>
</indexes>
</Table>
