<?xml version = '1.0' encoding = 'UTF-8'?>
<Table class="oracle.dbtools.crest.model.design.relational.Table" directorySegmentName="seg_0" id="40310E38-0479-3540-E79D-D2E2EF82169B" name="MEDIA_DESCRIPTION">
<createdBy>Aqeel</createdBy>
<createdTime>2020-05-12 18:15:54 UTC</createdTime>
<generatorID>8C7D5A07-7951-D21C-46DC-F79043A807A4</generatorID>
<ownerDesignName>mau_oraclemodel</ownerDesignName>
<allowColumnReorder>false</allowColumnReorder>
<existDependencyGenerateInDDl>true</existDependencyGenerateInDDl>
<parsed>true</parsed>
<columns itemClass="oracle.dbtools.crest.model.design.relational.Column">
<Column name="media_id" id="85343336-3BD8-13BB-08EA-FBB89AB7E08A">
<createdBy>Aqeel</createdBy>
<createdTime>2020-05-12 18:15:54 UTC</createdTime>
<commentInRDBMS><![CDATA[Surrogate Key: Media ID]]></commentInRDBMS>
<generatorID>3C577C2F-DBEF-A396-3B32-9373FCA60090</generatorID>
<ownerDesignName>mau_oraclemodel</ownerDesignName>
<useDomainConstraints>false</useDomainConstraints>
<use>1</use>
<logicalDatatype>LOGDT019</logicalDatatype>
<dataTypePrecision>5</dataTypePrecision>
<ownDataTypeParameters>,5,</ownDataTypeParameters>
<autoIncrementCycle>false</autoIncrementCycle>
</Column>
<Column name="media_description" id="8F2B2118-A32D-7DC5-1892-3C50CAF10F56">
<createdBy>Aqeel</createdBy>
<createdTime>2020-05-12 18:15:54 UTC</createdTime>
<commentInRDBMS><![CDATA[Artwork Media Description (Material its made from)]]></commentInRDBMS>
<generatorID>3ACD7F19-49E1-ECC1-C7FF-2BA4AE0C23EE</generatorID>
<ownerDesignName>mau_oraclemodel</ownerDesignName>
<nullsAllowed>true</nullsAllowed>
<useDomainConstraints>false</useDomainConstraints>
<use>1</use>
<logicalDatatype>LOGDT024</logicalDatatype>
<dataTypeSize>50</dataTypeSize>
<ownDataTypeParameters>50,,</ownDataTypeParameters>
<autoIncrementCycle>false</autoIncrementCycle>
</Column>
</columns>
<indexes itemClass="oracle.dbtools.crest.model.design.relational.Index">
<ind_PK_UK id="5D6B6D38-7289-229B-95AC-5D3DECCFEE21" name="MEDIA_DESCRIPTION_PK">
<createdBy>Aqeel</createdBy>
<createdTime>2020-05-12 18:15:54 UTC</createdTime>
<generatorID>259318C8-9AB0-D323-6C13-050CCC3A2C31</generatorID>
<ownerDesignName>mau_oraclemodel</ownerDesignName>
<pk>true</pk>
<indexState>Primary Constraint</indexState>
<isSurrogateKey>false</isSurrogateKey>
<indexColumnUsage>
<colUsage columnID="85343336-3BD8-13BB-08EA-FBB89AB7E08A"/>
</indexColumnUsage>
</ind_PK_UK>
</indexes>
</Table>
