<?xml version = '1.0' encoding = 'UTF-8'?>
<Entity class="oracle.dbtools.crest.model.design.logical.Entity" directorySegmentName="seg_0" id="1EAB225B-EBB7-3244-FD14-3009A3B24159" name="GALLERY">
<createdBy>Aqeel</createdBy>
<createdTime>2020-05-09 20:17:41 UTC</createdTime>
<ownerDesignName>mau_oraclemodel</ownerDesignName>
<engineerTo>
<item key="361662CE-2251-6BFA-24EA-93A2A87D17C0" value="true"/>
</engineerTo>
<adequatelyNormalized>NO</adequatelyNormalized>
<expectedVolumes>0</expectedVolumes>
<fwdEngineeringStrategyName>Single Table</fwdEngineeringStrategyName>
<growthPercent>0</growthPercent>
<growthType>Year</growthType>
<maxVolumes>9999999</maxVolumes>
<minVolumes>0</minVolumes>
<normalForm>Third</normalForm>
<attributes itemClass="oracle.dbtools.crest.model.design.logical.Attribute">
<Attribute name="gallery_id" id="7EE46E35-5651-78A2-9A0C-56EA99BA7FB2">
<createdBy>Aqeel</createdBy>
<createdTime>2020-05-09 20:18:03 UTC</createdTime>
<commentInRDBMS><![CDATA[Gallery ID]]></commentInRDBMS>
<ownerDesignName>mau_oraclemodel</ownerDesignName>
<engineerTo>
<item key="361662CE-2251-6BFA-24EA-93A2A87D17C0" value="true"/>
</engineerTo>
<useDomainConstraints>false</useDomainConstraints>
<use>1</use>
<logicalDatatype>LOGDT019</logicalDatatype>
<dataTypePrecision>4</dataTypePrecision>
<ownDataTypeParameters>,4,</ownDataTypeParameters>
</Attribute>
<Attribute name="gallery_name" id="9F350A7B-AAA4-6D05-3ADA-0FB91B0C2CF6">
<createdBy>Aqeel</createdBy>
<createdTime>2020-05-09 20:18:03 UTC</createdTime>
<commentInRDBMS><![CDATA[Gallery Name]]></commentInRDBMS>
<ownerDesignName>mau_oraclemodel</ownerDesignName>
<engineerTo>
<item key="361662CE-2251-6BFA-24EA-93A2A87D17C0" value="true"/>
</engineerTo>
<useDomainConstraints>false</useDomainConstraints>
<use>1</use>
<logicalDatatype>LOGDT024</logicalDatatype>
<dataTypeSize>50</dataTypeSize>
<ownDataTypeParameters>50,,</ownDataTypeParameters>
</Attribute>
<Attribute name="gallery_manager" id="C7FF75A0-1A94-D15E-AC4A-0548CE38D53D">
<createdBy>Aqeel</createdBy>
<createdTime>2020-05-09 20:18:03 UTC</createdTime>
<commentInRDBMS><![CDATA[Name of the Gallery Manager]]></commentInRDBMS>
<ownerDesignName>mau_oraclemodel</ownerDesignName>
<engineerTo>
<item key="361662CE-2251-6BFA-24EA-93A2A87D17C0" value="true"/>
</engineerTo>
<useDomainConstraints>false</useDomainConstraints>
<use>1</use>
<logicalDatatype>LOGDT024</logicalDatatype>
<dataTypeSize>50</dataTypeSize>
<ownDataTypeParameters>50,,</ownDataTypeParameters>
</Attribute>
<Attribute name="gallery_street" id="9BA9D8D1-FBD7-BD60-2E92-439566FCEAB2">
<createdBy>Aqeel</createdBy>
<createdTime>2020-05-09 20:18:04 UTC</createdTime>
<commentInRDBMS><![CDATA[Gallery Street]]></commentInRDBMS>
<ownerDesignName>mau_oraclemodel</ownerDesignName>
<engineerTo>
<item key="361662CE-2251-6BFA-24EA-93A2A87D17C0" value="true"/>
</engineerTo>
<useDomainConstraints>false</useDomainConstraints>
<use>1</use>
<logicalDatatype>LOGDT024</logicalDatatype>
<dataTypeSize>50</dataTypeSize>
<ownDataTypeParameters>50,,</ownDataTypeParameters>
</Attribute>
<Attribute name="gallery_town" id="767327A0-332A-E0F5-E04E-2FA0788305BD">
<createdBy>Aqeel</createdBy>
<createdTime>2020-05-10 09:24:14 UTC</createdTime>
<commentInRDBMS><![CDATA[Gallery Town]]></commentInRDBMS>
<ownerDesignName>mau_oraclemodel</ownerDesignName>
<engineerTo>
<item key="361662CE-2251-6BFA-24EA-93A2A87D17C0" value="true"/>
</engineerTo>
<useDomainConstraints>false</useDomainConstraints>
<use>1</use>
<logicalDatatype>LOGDT024</logicalDatatype>
<dataTypeSize>20</dataTypeSize>
<ownDataTypeParameters>20,,</ownDataTypeParameters>
</Attribute>
<Attribute name="gallery_state" id="7F23E2E7-5E5C-25E6-797C-95E421D1C80E">
<createdBy>Aqeel</createdBy>
<createdTime>2020-05-10 09:24:22 UTC</createdTime>
<commentInRDBMS><![CDATA[Gallery State]]></commentInRDBMS>
<ownerDesignName>mau_oraclemodel</ownerDesignName>
<engineerTo>
<item key="361662CE-2251-6BFA-24EA-93A2A87D17C0" value="true"/>
</engineerTo>
<useDomainConstraints>false</useDomainConstraints>
<use>1</use>
<logicalDatatype>LOGDT024</logicalDatatype>
<dataTypeSize>20</dataTypeSize>
<ownDataTypeParameters>20,,</ownDataTypeParameters>
</Attribute>
<Attribute name="gallery_contact" id="3DDE08B1-5783-AF41-7CED-B34B32C46E26">
<createdBy>Aqeel</createdBy>
<createdTime>2020-05-09 20:18:04 UTC</createdTime>
<commentInRDBMS><![CDATA[Gallery Contact Number]]></commentInRDBMS>
<ownerDesignName>mau_oraclemodel</ownerDesignName>
<engineerTo>
<item key="361662CE-2251-6BFA-24EA-93A2A87D17C0" value="true"/>
</engineerTo>
<useDomainConstraints>false</useDomainConstraints>
<use>1</use>
<logicalDatatype>LOGDT025</logicalDatatype>
<dataTypeSize>10</dataTypeSize>
<ownDataTypeParameters>10,,</ownDataTypeParameters>
</Attribute>
<Attribute name="gallery_open" id="6B08D283-C4FC-14B5-938D-9523D233A873">
<createdBy>Aqeel</createdBy>
<createdTime>2020-05-10 09:27:17 UTC</createdTime>
<commentInRDBMS><![CDATA[Gallery Open Time]]></commentInRDBMS>
<ownerDesignName>mau_oraclemodel</ownerDesignName>
<engineerTo>
<item key="361662CE-2251-6BFA-24EA-93A2A87D17C0" value="true"/>
</engineerTo>
<useDomainConstraints>false</useDomainConstraints>
<use>1</use>
<logicalDatatype>LOGDT007</logicalDatatype>
<ownDataTypeParameters>,,</ownDataTypeParameters>
</Attribute>
<Attribute name="gallery_close" id="3204CCC1-55D1-169F-5D89-FD5001211299">
<createdBy>Aqeel</createdBy>
<createdTime>2020-05-10 09:27:17 UTC</createdTime>
<commentInRDBMS><![CDATA[Gallery Close Time]]></commentInRDBMS>
<ownerDesignName>mau_oraclemodel</ownerDesignName>
<engineerTo>
<item key="361662CE-2251-6BFA-24EA-93A2A87D17C0" value="true"/>
</engineerTo>
<useDomainConstraints>false</useDomainConstraints>
<use>1</use>
<logicalDatatype>LOGDT007</logicalDatatype>
<ownDataTypeParameters>,,</ownDataTypeParameters>
</Attribute>
<Attribute name="gallery_percentage_comission" id="80BF1ABB-1CAC-EAA4-F8E9-75CE40215B42">
<createdBy>Aqeel</createdBy>
<createdTime>2020-05-09 20:18:04 UTC</createdTime>
<commentInRDBMS><![CDATA[Gallery Percentage Comission(In Percentage)]]></commentInRDBMS>
<ownerDesignName>mau_oraclemodel</ownerDesignName>
<engineerTo>
<item key="361662CE-2251-6BFA-24EA-93A2A87D17C0" value="true"/>
</engineerTo>
<constraintName>CHK_GL_PERCENTAGE_COMISSION</constraintName>
<useDomainConstraints>false</useDomainConstraints>
<use>1</use>
<logicalDatatype>LOGDT019</logicalDatatype>
<dataTypePrecision>3</dataTypePrecision>
<dataTypeScale>2</dataTypeScale>
<checkConstraint>
<implementationDef dbType="Oracle Database 11g" definition="gallery_percentage_comission &gt; 0"/>
</checkConstraint>
<ownDataTypeParameters>,3,2</ownDataTypeParameters>
</Attribute>
</attributes>
<identifiers itemClass="oracle.dbtools.crest.model.design.logical.CandidateKey">
<identifier id="84C3A013-DB8E-6405-1D43-23DFA20273B7" name="GALLERY PK">
<createdBy>Aqeel</createdBy>
<createdTime>2020-05-09 20:18:30 UTC</createdTime>
<ownerDesignName>mau_oraclemodel</ownerDesignName>
<engineerTo>
<item key="361662CE-2251-6BFA-24EA-93A2A87D17C0" value="true"/>
</engineerTo>
<pk>true</pk>
<usedAttributes>
<attributeRef>7EE46E35-5651-78A2-9A0C-56EA99BA7FB2</attributeRef>
</usedAttributes>
</identifier>
</identifiers>
</Entity>
