<?xml version = '1.0' encoding = 'UTF-8'?>
<Entity class="oracle.dbtools.crest.model.design.logical.Entity" directorySegmentName="seg_0" id="3557328C-42A1-7860-B994-616326DBCE92" name="SALE">
<createdBy>Aqeel</createdBy>
<createdTime>2020-05-09 20:41:07 UTC</createdTime>
<ownerDesignName>mau_oraclemodel</ownerDesignName>
<engineerTo>
<item key="361662CE-2251-6BFA-24EA-93A2A87D17C0" value="true"/>
<item key="5F4C571D-E89A-CA4C-A546-137553471CF6" value="true"/>
</engineerTo>
<adequatelyNormalized>NO</adequatelyNormalized>
<expectedVolumes>0</expectedVolumes>
<fwdEngineeringStrategyName>Single Table</fwdEngineeringStrategyName>
<growthPercent>0</growthPercent>
<growthType>Year</growthType>
<maxVolumes>9999999</maxVolumes>
<minVolumes>0</minVolumes>
<normalForm>Third</normalForm>
<attributes itemClass="oracle.dbtools.crest.model.design.logical.Attribute">
<Attribute name="sale_id" id="67E7D2A9-A393-05EE-22ED-F659D4FAF94A">
<createdBy>Aqeel</createdBy>
<createdTime>2020-05-09 20:42:06 UTC</createdTime>
<commentInRDBMS><![CDATA[Sale ID]]></commentInRDBMS>
<ownerDesignName>mau_oraclemodel</ownerDesignName>
<engineerTo>
<item key="361662CE-2251-6BFA-24EA-93A2A87D17C0" value="true"/>
<item key="5F4C571D-E89A-CA4C-A546-137553471CF6" value="true"/>
</engineerTo>
<useDomainConstraints>false</useDomainConstraints>
<use>1</use>
<logicalDatatype>LOGDT019</logicalDatatype>
<dataTypePrecision>5</dataTypePrecision>
<ownDataTypeParameters>,5,</ownDataTypeParameters>
</Attribute>
<Attribute name="sale_date" id="0B5A92CA-BC74-A4C1-7E44-1E6FDCC7DAE2">
<createdBy>Aqeel</createdBy>
<createdTime>2020-05-09 20:42:06 UTC</createdTime>
<commentInRDBMS><![CDATA[Sale Date]]></commentInRDBMS>
<ownerDesignName>mau_oraclemodel</ownerDesignName>
<engineerTo>
<item key="361662CE-2251-6BFA-24EA-93A2A87D17C0" value="true"/>
<item key="5F4C571D-E89A-CA4C-A546-137553471CF6" value="true"/>
</engineerTo>
<useDomainConstraints>false</useDomainConstraints>
<use>1</use>
<logicalDatatype>LOGDT007</logicalDatatype>
<ownDataTypeParameters>,,</ownDataTypeParameters>
</Attribute>
<Attribute name="sale_price" id="01A69207-D04B-BC0F-E899-B0AB426C8299">
<createdBy>Aqeel</createdBy>
<createdTime>2020-05-09 20:42:06 UTC</createdTime>
<commentInRDBMS><![CDATA[Sale Price]]></commentInRDBMS>
<ownerDesignName>mau_oraclemodel</ownerDesignName>
<engineerTo>
<item key="361662CE-2251-6BFA-24EA-93A2A87D17C0" value="true"/>
<item key="5F4C571D-E89A-CA4C-A546-137553471CF6" value="true"/>
</engineerTo>
<constraintName>CHK_SL_SALE_PRICE</constraintName>
<nullsAllowed>true</nullsAllowed>
<useDomainConstraints>false</useDomainConstraints>
<use>1</use>
<logicalDatatype>LOGDT019</logicalDatatype>
<dataTypePrecision>10</dataTypePrecision>
<dataTypeScale>2</dataTypeScale>
<checkConstraint>
<implementationDef dbType="Oracle Database 11g" definition="sale_id &gt; 0"/>
</checkConstraint>
<ownDataTypeParameters>,10,2</ownDataTypeParameters>
</Attribute>
<Attribute name="customer_id" id="D22D4A2A-DAEF-10C7-B0A3-959230200CA2">
<createdBy>Aqeel</createdBy>
<createdTime>2020-05-10 12:51:31 UTC</createdTime>
<commentInRDBMS><![CDATA[Customer ID]]></commentInRDBMS>
<generatorID>475FD819-B08C-4E0B-171D-3B174FCE086F</generatorID>
<ownerDesignName>mau_oraclemodel</ownerDesignName>
<engineerTo>
<item key="361662CE-2251-6BFA-24EA-93A2A87D17C0" value="true"/>
<item key="5F4C571D-E89A-CA4C-A546-137553471CF6" value="true"/>
</engineerTo>
<referedAttribute>03A0917E-F214-ED54-D8C5-CD7622E6A5DB</referedAttribute>
<useDomainConstraints>false</useDomainConstraints>
<use>1</use>
<logicalDatatype>LOGDT019</logicalDatatype>
<dataTypePrecision>5</dataTypePrecision>
<ownDataTypeParameters>,5,</ownDataTypeParameters>
</Attribute>
<Attribute name="exhibition_no" id="79FD23C0-DCA2-06A6-E576-C1961C7DADD5">
<createdBy>Aqeel</createdBy>
<createdTime>2020-05-12 02:35:10 UTC</createdTime>
<commentInRDBMS><![CDATA[Surrogate Key: Exhibition Number]]></commentInRDBMS>
<generatorID>C4A20B87-ECA6-04C3-A2CE-3BD4711C921E</generatorID>
<ownerDesignName>mau_oraclemodel</ownerDesignName>
<engineerTo>
<item key="361662CE-2251-6BFA-24EA-93A2A87D17C0" value="true"/>
<item key="5F4C571D-E89A-CA4C-A546-137553471CF6" value="true"/>
</engineerTo>
<referedAttribute>E9A3326F-EA44-9EFD-3AFF-7D96991EC9B1</referedAttribute>
<useDomainConstraints>false</useDomainConstraints>
<use>1</use>
<logicalDatatype>LOGDT019</logicalDatatype>
<dataTypePrecision>5</dataTypePrecision>
<ownDataTypeParameters>,,</ownDataTypeParameters>
</Attribute>
</attributes>
<identifiers itemClass="oracle.dbtools.crest.model.design.logical.CandidateKey">
<identifier id="A2D884BC-15D4-3F8F-371C-2452D91A9512" name="SALE PK">
<createdBy>Aqeel</createdBy>
<createdTime>2020-05-09 20:42:25 UTC</createdTime>
<ownerDesignName>mau_oraclemodel</ownerDesignName>
<engineerTo>
<item key="361662CE-2251-6BFA-24EA-93A2A87D17C0" value="true"/>
<item key="5F4C571D-E89A-CA4C-A546-137553471CF6" value="true"/>
</engineerTo>
<pk>true</pk>
<usedAttributes>
<attributeRef>67E7D2A9-A393-05EE-22ED-F659D4FAF94A</attributeRef>
</usedAttributes>
</identifier>
</identifiers>
</Entity>
