<?xml version = '1.0' encoding = 'UTF-8'?>
<Entity class="oracle.dbtools.crest.model.design.logical.Entity" directorySegmentName="seg_0" id="4C427B17-3866-3DF3-E175-93562A740B94" name="ARTWORK">
<createdBy>Aqeel</createdBy>
<createdTime>2020-05-09 20:07:54 UTC</createdTime>
<ownerDesignName>mau_oraclemodel</ownerDesignName>
<engineerTo>
<item key="361662CE-2251-6BFA-24EA-93A2A87D17C0" value="true"/>
</engineerTo>
<adequatelyNormalized>NO</adequatelyNormalized>
<expectedVolumes>0</expectedVolumes>
<fwdEngineeringStrategyName>Single Table</fwdEngineeringStrategyName>
<growthPercent>0</growthPercent>
<growthType>Year</growthType>
<maxVolumes>9999999</maxVolumes>
<minVolumes>0</minVolumes>
<normalForm>Third</normalForm>
<attributes itemClass="oracle.dbtools.crest.model.design.logical.Attribute">
<Attribute name="artist_code" id="B9F85745-5974-90D0-C139-E23B5FBEFBA6">
<createdBy>Aqeel</createdBy>
<createdTime>2020-05-10 12:39:26 UTC</createdTime>
<commentInRDBMS><![CDATA[Artist Code]]></commentInRDBMS>
<generatorID>73411C46-7661-8100-D2A6-F19CD6C53288</generatorID>
<ownerDesignName>mau_oraclemodel</ownerDesignName>
<engineerTo>
<item key="361662CE-2251-6BFA-24EA-93A2A87D17C0" value="true"/>
</engineerTo>
<referedAttribute>02E805DF-8361-F10B-8807-85B219296DFF</referedAttribute>
<useDomainConstraints>false</useDomainConstraints>
<use>1</use>
<logicalDatatype>LOGDT019</logicalDatatype>
<dataTypePrecision>5</dataTypePrecision>
<ownDataTypeParameters>,,</ownDataTypeParameters>
</Attribute>
<Attribute name="artwork_no" id="E898D6A1-8877-0847-7904-A012A9A5AD29">
<createdBy>Aqeel</createdBy>
<createdTime>2020-05-09 20:08:28 UTC</createdTime>
<commentInRDBMS><![CDATA[Artwork Number]]></commentInRDBMS>
<ownerDesignName>mau_oraclemodel</ownerDesignName>
<engineerTo>
<item key="361662CE-2251-6BFA-24EA-93A2A87D17C0" value="true"/>
</engineerTo>
<useDomainConstraints>false</useDomainConstraints>
<use>1</use>
<logicalDatatype>LOGDT019</logicalDatatype>
<dataTypePrecision>4</dataTypePrecision>
<ownDataTypeParameters>,4,</ownDataTypeParameters>
</Attribute>
<Attribute name="artwork_title" id="D38365E2-026F-5106-ECBC-FEEA2E24D6A6">
<createdBy>Aqeel</createdBy>
<createdTime>2020-05-09 20:08:28 UTC</createdTime>
<commentInRDBMS><![CDATA[Artwork Title]]></commentInRDBMS>
<ownerDesignName>mau_oraclemodel</ownerDesignName>
<engineerTo>
<item key="361662CE-2251-6BFA-24EA-93A2A87D17C0" value="true"/>
</engineerTo>
<useDomainConstraints>false</useDomainConstraints>
<use>1</use>
<logicalDatatype>LOGDT024</logicalDatatype>
<dataTypeSize>50</dataTypeSize>
<ownDataTypeParameters>50,,</ownDataTypeParameters>
</Attribute>
<Attribute name="artwork_date_added_to_stock" id="D9DBE260-B96A-7E84-9214-ACAAD0E9D0C0">
<createdBy>Aqeel</createdBy>
<createdTime>2020-05-09 20:08:29 UTC</createdTime>
<commentInRDBMS><![CDATA[The date in which the artwork was accepted into MAU]]></commentInRDBMS>
<ownerDesignName>mau_oraclemodel</ownerDesignName>
<engineerTo>
<item key="361662CE-2251-6BFA-24EA-93A2A87D17C0" value="true"/>
</engineerTo>
<useDomainConstraints>false</useDomainConstraints>
<use>1</use>
<logicalDatatype>LOGDT007</logicalDatatype>
<ownDataTypeParameters>,,</ownDataTypeParameters>
</Attribute>
<Attribute name="artwork_minimum_price" id="5178BAE5-1B0D-57E9-DA09-5A7C40768174">
<createdBy>Aqeel</createdBy>
<createdTime>2020-05-09 20:08:29 UTC</createdTime>
<commentInRDBMS><![CDATA[Artwork Minimum Price]]></commentInRDBMS>
<ownerDesignName>mau_oraclemodel</ownerDesignName>
<engineerTo>
<item key="361662CE-2251-6BFA-24EA-93A2A87D17C0" value="true"/>
</engineerTo>
<constraintName>CHK_ART_MIN_PRICE</constraintName>
<useDomainConstraints>false</useDomainConstraints>
<use>1</use>
<logicalDatatype>LOGDT019</logicalDatatype>
<dataTypePrecision>10</dataTypePrecision>
<dataTypeScale>2</dataTypeScale>
<checkConstraint>
<implementationDef dbType="Oracle Database 11g" definition="artwork_minimum_price &gt; 0"/>
</checkConstraint>
<ownDataTypeParameters>,10,2</ownDataTypeParameters>
</Attribute>
<Attribute name="style_artwork" id="4EF2DFC9-BE03-058E-D883-3CBEB170B05A">
<createdBy>Aqeel</createdBy>
<createdTime>2020-05-10 12:52:07 UTC</createdTime>
<commentInRDBMS><![CDATA[Child/Parent Style]]></commentInRDBMS>
<generatorID>931A7974-6F5E-F1AF-4EC3-1E4C0F2338AF</generatorID>
<ownerDesignName>mau_oraclemodel</ownerDesignName>
<engineerTo>
<item key="361662CE-2251-6BFA-24EA-93A2A87D17C0" value="true"/>
</engineerTo>
<referedAttribute>9FEEFB67-C59D-B0B5-A459-698D3068797B</referedAttribute>
<useDomainConstraints>false</useDomainConstraints>
<use>1</use>
<logicalDatatype>LOGDT024</logicalDatatype>
<dataTypeSize>30</dataTypeSize>
<ownDataTypeParameters>,,</ownDataTypeParameters>
</Attribute>
<Attribute name="media_id" id="47468157-2EB2-9EB7-6204-DB09D2BBE2EE">
<createdBy>Aqeel</createdBy>
<createdTime>2020-05-10 13:39:44 UTC</createdTime>
<commentInRDBMS><![CDATA[Surrogate Key: Media ID]]></commentInRDBMS>
<generatorID>D953DC73-AABC-1EE2-F5FA-12EBCB56808B</generatorID>
<ownerDesignName>mau_oraclemodel</ownerDesignName>
<engineerTo>
<item key="361662CE-2251-6BFA-24EA-93A2A87D17C0" value="true"/>
</engineerTo>
<referedAttribute>3C577C2F-DBEF-A396-3B32-9373FCA60090</referedAttribute>
<useDomainConstraints>false</useDomainConstraints>
<use>1</use>
<logicalDatatype>LOGDT019</logicalDatatype>
<dataTypePrecision>5</dataTypePrecision>
<ownDataTypeParameters>,,</ownDataTypeParameters>
</Attribute>
</attributes>
<identifiers itemClass="oracle.dbtools.crest.model.design.logical.CandidateKey">
<identifier id="E2E37B92-41B9-7CA1-B89C-0AA091B35546" name="ARTWORK PK">
<createdBy>Aqeel</createdBy>
<createdTime>2020-05-09 20:09:33 UTC</createdTime>
<ownerDesignName>mau_oraclemodel</ownerDesignName>
<engineerTo>
<item key="361662CE-2251-6BFA-24EA-93A2A87D17C0" value="true"/>
</engineerTo>
<pk>true</pk>
<usedAttributes>
<attributeRef>E898D6A1-8877-0847-7904-A012A9A5AD29</attributeRef>
<attributeRef>B9F85745-5974-90D0-C139-E23B5FBEFBA6</attributeRef>
</usedAttributes>
</identifier>
</identifiers>
</Entity>
