<?xml version = '1.0' encoding = 'UTF-8'?>
<Entity class="oracle.dbtools.crest.model.design.logical.Entity" directorySegmentName="seg_0" id="53B1B320-3C5F-5990-8988-E309095A7135" name="CURRENT_STATUS">
<createdBy>Aqeel</createdBy>
<createdTime>2020-05-10 12:34:38 UTC</createdTime>
<ownerDesignName>mau_oraclemodel</ownerDesignName>
<engineerTo>
<item key="361662CE-2251-6BFA-24EA-93A2A87D17C0" value="true"/>
</engineerTo>
<adequatelyNormalized>NO</adequatelyNormalized>
<expectedVolumes>0</expectedVolumes>
<fwdEngineeringStrategyName>Single Table</fwdEngineeringStrategyName>
<growthPercent>0</growthPercent>
<growthType>Year</growthType>
<maxVolumes>9999999</maxVolumes>
<minVolumes>0</minVolumes>
<normalForm>Third</normalForm>
<attributes itemClass="oracle.dbtools.crest.model.design.logical.Attribute">
<Attribute name="artwork_no" id="4FB4FC34-FB63-505F-57E9-AADA58F6E334">
<createdBy>Aqeel</createdBy>
<createdTime>2020-05-10 12:58:58 UTC</createdTime>
<commentInRDBMS><![CDATA[Artwork Number]]></commentInRDBMS>
<generatorID>6BD53A4C-1F5F-B367-0786-258C25475671</generatorID>
<ownerDesignName>mau_oraclemodel</ownerDesignName>
<engineerTo>
<item key="361662CE-2251-6BFA-24EA-93A2A87D17C0" value="true"/>
</engineerTo>
<referedAttribute>E898D6A1-8877-0847-7904-A012A9A5AD29</referedAttribute>
<useDomainConstraints>false</useDomainConstraints>
<use>1</use>
<logicalDatatype>LOGDT019</logicalDatatype>
<dataTypePrecision>4</dataTypePrecision>
<ownDataTypeParameters>,,</ownDataTypeParameters>
</Attribute>
<Attribute name="artist_code" id="250725C4-AC09-BEB6-FE37-6A2481D6521A">
<createdBy>Aqeel</createdBy>
<createdTime>2020-05-10 12:58:58 UTC</createdTime>
<commentInRDBMS><![CDATA[Artist Code]]></commentInRDBMS>
<generatorID>6BD53A4C-1F5F-B367-0786-258C25475671</generatorID>
<ownerDesignName>mau_oraclemodel</ownerDesignName>
<engineerTo>
<item key="361662CE-2251-6BFA-24EA-93A2A87D17C0" value="true"/>
</engineerTo>
<referedAttribute>B9F85745-5974-90D0-C139-E23B5FBEFBA6</referedAttribute>
<useDomainConstraints>false</useDomainConstraints>
<use>1</use>
<logicalDatatype>LOGDT019</logicalDatatype>
<dataTypePrecision>5</dataTypePrecision>
<ownDataTypeParameters>,,</ownDataTypeParameters>
</Attribute>
<Attribute name="cs_date" id="55418F00-46A3-FC06-D56E-31C54A660E4F">
<createdBy>Aqeel</createdBy>
<createdTime>2020-05-10 12:35:17 UTC</createdTime>
<commentInRDBMS><![CDATA[Current Status Date]]></commentInRDBMS>
<ownerDesignName>mau_oraclemodel</ownerDesignName>
<engineerTo>
<item key="361662CE-2251-6BFA-24EA-93A2A87D17C0" value="true"/>
</engineerTo>
<useDomainConstraints>false</useDomainConstraints>
<use>1</use>
<logicalDatatype>LOGDT007</logicalDatatype>
<ownDataTypeParameters>,,</ownDataTypeParameters>
</Attribute>
<Attribute name="cs_artwork_status" id="A16B40BB-794C-2807-736C-70E6B187406F">
<createdBy>Aqeel</createdBy>
<createdTime>2020-05-10 13:02:07 UTC</createdTime>
<commentInRDBMS><![CDATA[Artwork Status]]></commentInRDBMS>
<ownerDesignName>mau_oraclemodel</ownerDesignName>
<engineerTo>
<item key="361662CE-2251-6BFA-24EA-93A2A87D17C0" value="true"/>
</engineerTo>
<constraintName>ARTWORK STATUS VALUES</constraintName>
<useDomainConstraints>false</useDomainConstraints>
<use>1</use>
<logicalDatatype>LOGDT024</logicalDatatype>
<dataTypeSize>30</dataTypeSize>
<listOfValues>
<valueDef value="In MAU Warehouse" description="Artwork is at MAU central Warehouse"/>
<valueDef value="In Transit" description="Being shipped to/from a gallery"/>
<valueDef value="On Display by Gallery" description="Artwork is being Displayed"/>
<valueDef value="Returned to the Artist" description="Artwork is returned back to Artist"/>
<valueDef value="Sold" description="Artwork is Sold"/>
</listOfValues>
<ownDataTypeParameters>30,,</ownDataTypeParameters>
</Attribute>
<Attribute name="gallery_id" id="3ECF2085-CB6B-09C1-9654-51D8C958692D">
<createdBy>Aqeel</createdBy>
<createdTime>2020-05-10 12:57:02 UTC</createdTime>
<commentInRDBMS><![CDATA[Gallery ID]]></commentInRDBMS>
<generatorID>A7F85A12-A4DF-367A-9A0D-3DD747BEB01D</generatorID>
<ownerDesignName>mau_oraclemodel</ownerDesignName>
<engineerTo>
<item key="361662CE-2251-6BFA-24EA-93A2A87D17C0" value="true"/>
</engineerTo>
<nullsAllowed>true</nullsAllowed>
<referedAttribute>7EE46E35-5651-78A2-9A0C-56EA99BA7FB2</referedAttribute>
<useDomainConstraints>false</useDomainConstraints>
<use>1</use>
<logicalDatatype>LOGDT019</logicalDatatype>
<dataTypePrecision>4</dataTypePrecision>
<ownDataTypeParameters>,,</ownDataTypeParameters>
</Attribute>
</attributes>
<identifiers itemClass="oracle.dbtools.crest.model.design.logical.CandidateKey">
<identifier id="6207C99D-F523-3B1E-5477-3ABFA727DBB7" name="CURRENT_STATUS PK">
<createdBy>Aqeel</createdBy>
<createdTime>2020-05-10 12:50:34 UTC</createdTime>
<ownerDesignName>mau_oraclemodel</ownerDesignName>
<engineerTo>
<item key="361662CE-2251-6BFA-24EA-93A2A87D17C0" value="true"/>
</engineerTo>
<pk>true</pk>
<usedAttributes>
<attributeRef>55418F00-46A3-FC06-D56E-31C54A660E4F</attributeRef>
<attributeRef>4FB4FC34-FB63-505F-57E9-AADA58F6E334</attributeRef>
<attributeRef>250725C4-AC09-BEB6-FE37-6A2481D6521A</attributeRef>
</usedAttributes>
</identifier>
</identifiers>
</Entity>
