<?xml version = '1.0' encoding = 'UTF-8'?>
<Entity class="oracle.dbtools.crest.model.design.logical.Entity" directorySegmentName="seg_0" id="87202435-D4BB-6438-757C-FB54980A96C8" name="STYLE">
<createdBy>Aqeel</createdBy>
<createdTime>2020-05-10 09:34:56 UTC</createdTime>
<ownerDesignName>mau_oraclemodel</ownerDesignName>
<engineerTo>
<item key="361662CE-2251-6BFA-24EA-93A2A87D17C0" value="true"/>
</engineerTo>
<adequatelyNormalized>NO</adequatelyNormalized>
<expectedVolumes>0</expectedVolumes>
<fwdEngineeringStrategyName>Single Table</fwdEngineeringStrategyName>
<growthPercent>0</growthPercent>
<growthType>Year</growthType>
<maxVolumes>9999999</maxVolumes>
<minVolumes>0</minVolumes>
<normalForm>Third</normalForm>
<attributes itemClass="oracle.dbtools.crest.model.design.logical.Attribute">
<Attribute name="style_artwork" id="9FEEFB67-C59D-B0B5-A459-698D3068797B">
<createdBy>Aqeel</createdBy>
<createdTime>2020-05-10 09:35:04 UTC</createdTime>
<commentInRDBMS><![CDATA[Child/Parent Style]]></commentInRDBMS>
<ownerDesignName>mau_oraclemodel</ownerDesignName>
<engineerTo>
<item key="361662CE-2251-6BFA-24EA-93A2A87D17C0" value="true"/>
</engineerTo>
<useDomainConstraints>false</useDomainConstraints>
<use>1</use>
<logicalDatatype>LOGDT024</logicalDatatype>
<dataTypeSize>30</dataTypeSize>
<ownDataTypeParameters>30,,</ownDataTypeParameters>
</Attribute>
<Attribute name="style_parent" id="872F9280-4D1A-754E-08B6-E40044440804">
<createdBy>Aqeel</createdBy>
<createdTime>2020-05-10 09:35:06 UTC</createdTime>
<commentInRDBMS><![CDATA[Parent Style]]></commentInRDBMS>
<ownerDesignName>mau_oraclemodel</ownerDesignName>
<engineerTo>
<item key="361662CE-2251-6BFA-24EA-93A2A87D17C0" value="true"/>
</engineerTo>
<nullsAllowed>true</nullsAllowed>
<useDomainConstraints>false</useDomainConstraints>
<use>1</use>
<logicalDatatype>LOGDT024</logicalDatatype>
<dataTypeSize>30</dataTypeSize>
<ownDataTypeParameters>30,,</ownDataTypeParameters>
</Attribute>
<Attribute name="art_style" id="EAB82F8C-0650-E38B-695E-F42E9A236358">
<createdBy>Aqeel</createdBy>
<createdTime>2020-05-10 19:55:09 UTC</createdTime>
<commentInRDBMS><![CDATA[Child/Parent Style]]></commentInRDBMS>
<generatorID>8D6C4512-7EB9-6E9B-0AC3-71D0C1145B2F</generatorID>
<ownerDesignName>mau_oraclemodel</ownerDesignName>
<engineerTo>
<item key="361662CE-2251-6BFA-24EA-93A2A87D17C0" value="true"/>
</engineerTo>
<nullsAllowed>true</nullsAllowed>
<referedAttribute>9FEEFB67-C59D-B0B5-A459-698D3068797B</referedAttribute>
<useDomainConstraints>false</useDomainConstraints>
<use>1</use>
<logicalDatatype>LOGDT024</logicalDatatype>
<dataTypeSize>30</dataTypeSize>
<ownDataTypeParameters>,,</ownDataTypeParameters>
</Attribute>
</attributes>
<identifiers itemClass="oracle.dbtools.crest.model.design.logical.CandidateKey">
<identifier id="B007D11B-3394-374E-846B-F0319A9D1C55" name="STYLE PK">
<createdBy>Aqeel</createdBy>
<createdTime>2020-05-10 09:35:47 UTC</createdTime>
<ownerDesignName>mau_oraclemodel</ownerDesignName>
<engineerTo>
<item key="361662CE-2251-6BFA-24EA-93A2A87D17C0" value="true"/>
</engineerTo>
<pk>true</pk>
<usedAttributes>
<attributeRef>9FEEFB67-C59D-B0B5-A459-698D3068797B</attributeRef>
</usedAttributes>
</identifier>
</identifiers>
</Entity>
