<?xml version = '1.0' encoding = 'UTF-8'?>
<Entity class="oracle.dbtools.crest.model.design.logical.Entity" directorySegmentName="seg_0" id="8C7D5A07-7951-D21C-46DC-F79043A807A4" name="MEDIA_DESCRIPTION">
<createdBy>Aqeel</createdBy>
<createdTime>2020-05-10 07:01:43 UTC</createdTime>
<ownerDesignName>mau_oraclemodel</ownerDesignName>
<engineerTo>
<item key="361662CE-2251-6BFA-24EA-93A2A87D17C0" value="true"/>
</engineerTo>
<adequatelyNormalized>NO</adequatelyNormalized>
<expectedVolumes>0</expectedVolumes>
<fwdEngineeringStrategyName>Single Table</fwdEngineeringStrategyName>
<growthPercent>0</growthPercent>
<growthType>Year</growthType>
<maxVolumes>9999999</maxVolumes>
<minVolumes>0</minVolumes>
<normalForm>Third</normalForm>
<attributes itemClass="oracle.dbtools.crest.model.design.logical.Attribute">
<Attribute name="media_id" id="3C577C2F-DBEF-A396-3B32-9373FCA60090">
<createdBy>Aqeel</createdBy>
<createdTime>2020-05-10 07:02:01 UTC</createdTime>
<commentInRDBMS><![CDATA[Surrogate Key: Media ID]]></commentInRDBMS>
<ownerDesignName>mau_oraclemodel</ownerDesignName>
<engineerTo>
<item key="361662CE-2251-6BFA-24EA-93A2A87D17C0" value="true"/>
</engineerTo>
<useDomainConstraints>false</useDomainConstraints>
<use>1</use>
<logicalDatatype>LOGDT019</logicalDatatype>
<dataTypePrecision>5</dataTypePrecision>
<ownDataTypeParameters>,5,</ownDataTypeParameters>
</Attribute>
<Attribute name="media_description" id="3ACD7F19-49E1-ECC1-C7FF-2BA4AE0C23EE">
<createdBy>Aqeel</createdBy>
<createdTime>2020-05-10 08:41:34 UTC</createdTime>
<commentInRDBMS><![CDATA[Artwork Media Description (Material its made from)]]></commentInRDBMS>
<ownerDesignName>mau_oraclemodel</ownerDesignName>
<engineerTo>
<item key="361662CE-2251-6BFA-24EA-93A2A87D17C0" value="true"/>
</engineerTo>
<nullsAllowed>true</nullsAllowed>
<useDomainConstraints>false</useDomainConstraints>
<use>1</use>
<logicalDatatype>LOGDT024</logicalDatatype>
<dataTypeSize>50</dataTypeSize>
<ownDataTypeParameters>50,,</ownDataTypeParameters>
</Attribute>
</attributes>
<identifiers itemClass="oracle.dbtools.crest.model.design.logical.CandidateKey">
<identifier id="259318C8-9AB0-D323-6C13-050CCC3A2C31" name="MEDIA_DESCRIPTION PK">
<createdBy>Aqeel</createdBy>
<createdTime>2020-05-10 09:36:37 UTC</createdTime>
<ownerDesignName>mau_oraclemodel</ownerDesignName>
<engineerTo>
<item key="361662CE-2251-6BFA-24EA-93A2A87D17C0" value="true"/>
</engineerTo>
<pk>true</pk>
<usedAttributes>
<attributeRef>3C577C2F-DBEF-A396-3B32-9373FCA60090</attributeRef>
</usedAttributes>
</identifier>
</identifiers>
</Entity>
