<?xml version = '1.0' encoding = 'UTF-8'?>
<Entity class="oracle.dbtools.crest.model.design.logical.Entity" directorySegmentName="seg_0" id="E72F7B8E-397E-F767-9586-FA0A30D9D9EE" name="EXHIBITION">
<createdBy>Aqeel</createdBy>
<createdTime>2020-05-09 20:33:07 UTC</createdTime>
<ownerDesignName>mau_oraclemodel</ownerDesignName>
<engineerTo>
<item key="361662CE-2251-6BFA-24EA-93A2A87D17C0" value="true"/>
<item key="5F4C571D-E89A-CA4C-A546-137553471CF6" value="true"/>
</engineerTo>
<adequatelyNormalized>NO</adequatelyNormalized>
<expectedVolumes>0</expectedVolumes>
<fwdEngineeringStrategyName>Single Table</fwdEngineeringStrategyName>
<growthPercent>0</growthPercent>
<growthType>Year</growthType>
<maxVolumes>9999999</maxVolumes>
<minVolumes>0</minVolumes>
<normalForm>Third</normalForm>
<attributes itemClass="oracle.dbtools.crest.model.design.logical.Attribute">
<Attribute name="exhibition_no" id="E9A3326F-EA44-9EFD-3AFF-7D96991EC9B1">
<createdBy>Aqeel</createdBy>
<createdTime>2020-05-10 20:30:27 UTC</createdTime>
<commentInRDBMS><![CDATA[Surrogate Key: Exhibition Number]]></commentInRDBMS>
<ownerDesignName>mau_oraclemodel</ownerDesignName>
<engineerTo>
<item key="361662CE-2251-6BFA-24EA-93A2A87D17C0" value="true"/>
<item key="5F4C571D-E89A-CA4C-A546-137553471CF6" value="true"/>
</engineerTo>
<useDomainConstraints>false</useDomainConstraints>
<use>1</use>
<logicalDatatype>LOGDT019</logicalDatatype>
<dataTypePrecision>5</dataTypePrecision>
<ownDataTypeParameters>,5,</ownDataTypeParameters>
</Attribute>
<Attribute name="artwork_no" id="D854FE6A-1CA7-DB30-F8C1-D386834E6569">
<createdBy>Aqeel</createdBy>
<createdTime>2020-05-10 12:48:47 UTC</createdTime>
<commentInRDBMS><![CDATA[Artwork Number]]></commentInRDBMS>
<generatorID>68C0AF93-E86A-10AC-4EF3-271076731D35</generatorID>
<ownerDesignName>mau_oraclemodel</ownerDesignName>
<engineerTo>
<item key="361662CE-2251-6BFA-24EA-93A2A87D17C0" value="true"/>
<item key="5F4C571D-E89A-CA4C-A546-137553471CF6" value="true"/>
</engineerTo>
<referedAttribute>E898D6A1-8877-0847-7904-A012A9A5AD29</referedAttribute>
<useDomainConstraints>false</useDomainConstraints>
<use>1</use>
<logicalDatatype>LOGDT019</logicalDatatype>
<dataTypePrecision>4</dataTypePrecision>
<ownDataTypeParameters>,4,</ownDataTypeParameters>
</Attribute>
<Attribute name="artist_code" id="47283E01-0BA1-196E-B0D6-986108CA7D3B">
<createdBy>Aqeel</createdBy>
<createdTime>2020-05-10 12:48:47 UTC</createdTime>
<commentInRDBMS><![CDATA[Artist Code]]></commentInRDBMS>
<generatorID>68C0AF93-E86A-10AC-4EF3-271076731D35</generatorID>
<ownerDesignName>mau_oraclemodel</ownerDesignName>
<engineerTo>
<item key="361662CE-2251-6BFA-24EA-93A2A87D17C0" value="true"/>
<item key="5F4C571D-E89A-CA4C-A546-137553471CF6" value="true"/>
</engineerTo>
<referedAttribute>B9F85745-5974-90D0-C139-E23B5FBEFBA6</referedAttribute>
<useDomainConstraints>false</useDomainConstraints>
<use>1</use>
<logicalDatatype>LOGDT019</logicalDatatype>
<dataTypePrecision>5</dataTypePrecision>
<ownDataTypeParameters>,5,</ownDataTypeParameters>
</Attribute>
<Attribute name="exhibition_date_started" id="EB6B9DBD-20C7-B6E2-C565-39D5C7A903DA">
<createdBy>Aqeel</createdBy>
<createdTime>2020-05-09 20:33:47 UTC</createdTime>
<commentInRDBMS><![CDATA[Date Exhibition Started]]></commentInRDBMS>
<ownerDesignName>mau_oraclemodel</ownerDesignName>
<engineerTo>
<item key="361662CE-2251-6BFA-24EA-93A2A87D17C0" value="true"/>
<item key="5F4C571D-E89A-CA4C-A546-137553471CF6" value="true"/>
</engineerTo>
<useDomainConstraints>false</useDomainConstraints>
<use>1</use>
<logicalDatatype>LOGDT007</logicalDatatype>
<ownDataTypeParameters>,,</ownDataTypeParameters>
</Attribute>
<Attribute name="exhibition_date_ended" id="B0D4ABF6-BB40-73AC-151C-8F31ACD5509E">
<createdBy>Aqeel</createdBy>
<createdTime>2020-05-09 20:36:32 UTC</createdTime>
<commentInRDBMS><![CDATA[Date Exhibition Ended]]></commentInRDBMS>
<ownerDesignName>mau_oraclemodel</ownerDesignName>
<engineerTo>
<item key="361662CE-2251-6BFA-24EA-93A2A87D17C0" value="true"/>
<item key="5F4C571D-E89A-CA4C-A546-137553471CF6" value="true"/>
</engineerTo>
<nullsAllowed>true</nullsAllowed>
<useDomainConstraints>false</useDomainConstraints>
<use>1</use>
<logicalDatatype>LOGDT007</logicalDatatype>
<ownDataTypeParameters>,,</ownDataTypeParameters>
</Attribute>
<Attribute name="exhibition_featured_in_catalog" id="609F41FA-7E03-D763-5BE3-73D4F8B0A301">
<createdBy>Aqeel</createdBy>
<createdTime>2020-05-09 20:36:32 UTC</createdTime>
<commentInRDBMS><![CDATA[Exhibition Featured in Catalog]]></commentInRDBMS>
<ownerDesignName>mau_oraclemodel</ownerDesignName>
<engineerTo>
<item key="361662CE-2251-6BFA-24EA-93A2A87D17C0" value="true"/>
<item key="5F4C571D-E89A-CA4C-A546-137553471CF6" value="true"/>
</engineerTo>
<constraintName>values_featured_in_catalog</constraintName>
<useDomainConstraints>false</useDomainConstraints>
<use>1</use>
<logicalDatatype>LOGDT024</logicalDatatype>
<dataTypeSize>3</dataTypeSize>
<listOfValues>
<valueDef value="No" description="It is not featured in Catalog"/>
<valueDef value="Yes" description="It is featured in Catalog"/>
</listOfValues>
<ownDataTypeParameters>3,,</ownDataTypeParameters>
</Attribute>
<Attribute name="gallery_id" id="D2B5B758-4FC6-DCE6-635A-5FBF42B1B5C0">
<createdBy>Aqeel</createdBy>
<createdTime>2020-05-10 12:46:47 UTC</createdTime>
<commentInRDBMS><![CDATA[Gallery ID]]></commentInRDBMS>
<generatorID>6C9DFA7B-2648-E1D9-77B5-BC2A08136BC2</generatorID>
<ownerDesignName>mau_oraclemodel</ownerDesignName>
<engineerTo>
<item key="361662CE-2251-6BFA-24EA-93A2A87D17C0" value="true"/>
<item key="5F4C571D-E89A-CA4C-A546-137553471CF6" value="true"/>
</engineerTo>
<referedAttribute>7EE46E35-5651-78A2-9A0C-56EA99BA7FB2</referedAttribute>
<useDomainConstraints>false</useDomainConstraints>
<use>1</use>
<logicalDatatype>LOGDT019</logicalDatatype>
<dataTypePrecision>4</dataTypePrecision>
<ownDataTypeParameters>,4,</ownDataTypeParameters>
</Attribute>
</attributes>
<identifiers itemClass="oracle.dbtools.crest.model.design.logical.CandidateKey">
<identifier id="271709FC-4A6B-062C-A662-62C6407590B2" name="NK_Exhibition">
<createdBy>Aqeel</createdBy>
<createdTime>2020-05-10 20:33:46 UTC</createdTime>
<ownerDesignName>mau_oraclemodel</ownerDesignName>
<engineerTo>
<item key="361662CE-2251-6BFA-24EA-93A2A87D17C0" value="true"/>
<item key="5F4C571D-E89A-CA4C-A546-137553471CF6" value="true"/>
</engineerTo>
<newElementsIDs>EB6B9DBD-20C7-B6E2-C565-39D5C7A903DA,68C0AF93-E86A-10AC-4EF3-271076731D35</newElementsIDs>
<usedAttributes>
<attributeRef>EB6B9DBD-20C7-B6E2-C565-39D5C7A903DA</attributeRef>
<attributeRef>D854FE6A-1CA7-DB30-F8C1-D386834E6569</attributeRef>
<attributeRef>47283E01-0BA1-196E-B0D6-986108CA7D3B</attributeRef>
</usedAttributes>
</identifier>
<identifier id="71CB748C-EE04-6DC2-4CB1-E5D3BEEAC249" name="EXHIBITION PK">
<createdBy>Aqeel</createdBy>
<createdTime>2020-05-10 20:35:09 UTC</createdTime>
<ownerDesignName>mau_oraclemodel</ownerDesignName>
<engineerTo>
<item key="361662CE-2251-6BFA-24EA-93A2A87D17C0" value="true"/>
<item key="5F4C571D-E89A-CA4C-A546-137553471CF6" value="true"/>
</engineerTo>
<pk>true</pk>
<usedAttributes>
<attributeRef>E9A3326F-EA44-9EFD-3AFF-7D96991EC9B1</attributeRef>
</usedAttributes>
</identifier>
</identifiers>
</Entity>
