<?xml version = '1.0' encoding = 'UTF-8'?>
<Table class="oracle.dbtools.crest.model.design.relational.Table" directorySegmentName="seg_0" id="7C45EAA0-59CA-AD79-A52E-782E450B1038" name="OWNER">
<createdBy>aahl0002</createdBy>
<createdTime>2020-05-01 19:49:28 UTC</createdTime>
<generatorID>05BCB15A-4DF2-A532-6483-255BDCDC8190</generatorID>
<ownerDesignName>Property-Rental</ownerDesignName>
<allowColumnReorder>false</allowColumnReorder>
<existDependencyGenerateInDDl>true</existDependencyGenerateInDDl>
<parsed>true</parsed>
<columns itemClass="oracle.dbtools.crest.model.design.relational.Column">
<Column name="owner_no" id="375983CD-4D22-CEDF-C75B-2D6454141C15">
<createdBy>aahl0002</createdBy>
<createdTime>2020-05-01 19:49:28 UTC</createdTime>
<commentInRDBMS><![CDATA[Owner Number]]></commentInRDBMS>
<generatorID>A04D127A-A05A-247D-3F1C-FB23105C69B7</generatorID>
<ownerDesignName>Property-Rental</ownerDesignName>
<useDomainConstraints>false</useDomainConstraints>
<use>1</use>
<logicalDatatype>LOGDT019</logicalDatatype>
<dataTypePrecision>7</dataTypePrecision>
<ownDataTypeParameters>,7,</ownDataTypeParameters>
<autoIncrementCycle>false</autoIncrementCycle>
</Column>
<Column name="owner_title" id="39684C2E-4815-BA49-13A3-E1B5BB3B0A23">
<createdBy>aahl0002</createdBy>
<createdTime>2020-05-01 19:49:28 UTC</createdTime>
<commentInRDBMS><![CDATA[Owner Title]]></commentInRDBMS>
<generatorID>77292202-B3EC-83A9-3C15-DE1D2BCFBF5A</generatorID>
<ownerDesignName>Property-Rental</ownerDesignName>
<useDomainConstraints>false</useDomainConstraints>
<use>1</use>
<logicalDatatype>LOGDT024</logicalDatatype>
<dataTypeSize>5</dataTypeSize>
<ownDataTypeParameters>5,,</ownDataTypeParameters>
<autoIncrementCycle>false</autoIncrementCycle>
</Column>
<Column name="owner_gname" id="9C848C14-30E0-3A51-2CF1-BD59FAC81520">
<createdBy>aahl0002</createdBy>
<createdTime>2020-05-01 19:49:28 UTC</createdTime>
<commentInRDBMS><![CDATA[Owner Given Name]]></commentInRDBMS>
<generatorID>BF3B3E97-7CF2-D9D5-1B46-108CCB54DCB1</generatorID>
<ownerDesignName>Property-Rental</ownerDesignName>
<useDomainConstraints>false</useDomainConstraints>
<use>1</use>
<logicalDatatype>LOGDT024</logicalDatatype>
<dataTypeSize>20</dataTypeSize>
<ownDataTypeParameters>20,,</ownDataTypeParameters>
<autoIncrementCycle>false</autoIncrementCycle>
</Column>
<Column name="owner_fname" id="E42D06E8-9578-1F8C-9D1D-7D9B744D3143">
<createdBy>aahl0002</createdBy>
<createdTime>2020-05-01 19:49:28 UTC</createdTime>
<commentInRDBMS><![CDATA[Owner Family Name]]></commentInRDBMS>
<generatorID>A101AED3-50DD-CB58-7B3C-F9E49C35FE4F</generatorID>
<ownerDesignName>Property-Rental</ownerDesignName>
<useDomainConstraints>false</useDomainConstraints>
<use>1</use>
<logicalDatatype>LOGDT024</logicalDatatype>
<dataTypeSize>20</dataTypeSize>
<ownDataTypeParameters>20,,</ownDataTypeParameters>
<autoIncrementCycle>false</autoIncrementCycle>
</Column>
<Column name="owner_address" id="D95327BF-9F51-9D72-31FA-BD41A2F7C6F2">
<createdBy>aahl0002</createdBy>
<createdTime>2020-05-01 19:49:28 UTC</createdTime>
<commentInRDBMS><![CDATA[Owner Address]]></commentInRDBMS>
<generatorID>ED192ECA-7150-928A-F67F-02A03318015F</generatorID>
<ownerDesignName>Property-Rental</ownerDesignName>
<useDomainConstraints>false</useDomainConstraints>
<use>1</use>
<logicalDatatype>LOGDT024</logicalDatatype>
<dataTypeSize>50</dataTypeSize>
<ownDataTypeParameters>50,,</ownDataTypeParameters>
<autoIncrementCycle>false</autoIncrementCycle>
</Column>
</columns>
<indexes itemClass="oracle.dbtools.crest.model.design.relational.Index">
<ind_PK_UK id="4A78416C-1A3C-4CD3-BEEC-2590D044828E" name="OWNER_PK">
<createdBy>aahl0002</createdBy>
<createdTime>2020-05-01 19:49:28 UTC</createdTime>
<generatorID>0ABB9D6C-4F89-E6B6-0466-D067D194EC95</generatorID>
<ownerDesignName>Property-Rental</ownerDesignName>
<pk>true</pk>
<indexState>Primary Constraint</indexState>
<isSurrogateKey>false</isSurrogateKey>
<indexColumnUsage>
<colUsage columnID="375983CD-4D22-CEDF-C75B-2D6454141C15"/>
</indexColumnUsage>
</ind_PK_UK>
</indexes>
</Table>
