<?xml version = '1.0' encoding = 'UTF-8'?>
<Table class="oracle.dbtools.crest.model.design.relational.Table" directorySegmentName="seg_0" id="B94B8769-B1C7-CBEE-DB9A-1A3EB34B22A2" name="TENANT">
<createdBy>aahl0002</createdBy>
<createdTime>2020-05-01 19:49:28 UTC</createdTime>
<generatorID>5EB6B211-BE2D-0AE3-3FDF-6D08FC2A9F6F</generatorID>
<ownerDesignName>Property-Rental</ownerDesignName>
<allowColumnReorder>false</allowColumnReorder>
<existDependencyGenerateInDDl>true</existDependencyGenerateInDDl>
<parsed>true</parsed>
<columns itemClass="oracle.dbtools.crest.model.design.relational.Column">
<Column name="tenant_no" id="063AFD15-7EC3-C2B1-0906-C48DDF77A1F1">
<createdBy>aahl0002</createdBy>
<createdTime>2020-05-01 19:49:28 UTC</createdTime>
<commentInRDBMS><![CDATA[Tenant Number]]></commentInRDBMS>
<generatorID>741C482F-2759-4A8C-600D-29B2DA80A857</generatorID>
<ownerDesignName>Property-Rental</ownerDesignName>
<useDomainConstraints>false</useDomainConstraints>
<use>1</use>
<logicalDatatype>LOGDT019</logicalDatatype>
<dataTypePrecision>7</dataTypePrecision>
<ownDataTypeParameters>,7,</ownDataTypeParameters>
<autoIncrementCycle>false</autoIncrementCycle>
</Column>
<Column name="tenant_title" id="EFAFDC14-4898-BD74-C11E-46C38938BB59">
<createdBy>aahl0002</createdBy>
<createdTime>2020-05-01 19:49:28 UTC</createdTime>
<commentInRDBMS><![CDATA[Tenant Title]]></commentInRDBMS>
<generatorID>78F7E29E-8DF3-4A99-89BB-5DA131ED218F</generatorID>
<ownerDesignName>Property-Rental</ownerDesignName>
<useDomainConstraints>false</useDomainConstraints>
<use>1</use>
<logicalDatatype>LOGDT024</logicalDatatype>
<dataTypeSize>5</dataTypeSize>
<ownDataTypeParameters>5,,</ownDataTypeParameters>
<autoIncrementCycle>false</autoIncrementCycle>
</Column>
<Column name="tenant_gname" id="F07FB507-03FB-9366-D423-E4887EF466CF">
<createdBy>aahl0002</createdBy>
<createdTime>2020-05-01 19:49:28 UTC</createdTime>
<commentInRDBMS><![CDATA[Tenant Given Name]]></commentInRDBMS>
<generatorID>162C2914-4B4E-2391-BA27-2CCDB52CC485</generatorID>
<ownerDesignName>Property-Rental</ownerDesignName>
<useDomainConstraints>false</useDomainConstraints>
<use>1</use>
<logicalDatatype>LOGDT024</logicalDatatype>
<dataTypeSize>20</dataTypeSize>
<ownDataTypeParameters>20,,</ownDataTypeParameters>
<autoIncrementCycle>false</autoIncrementCycle>
</Column>
<Column name="tenant_fname" id="E823491E-34A3-21D8-3E65-6E19938141CC">
<createdBy>aahl0002</createdBy>
<createdTime>2020-05-01 19:49:28 UTC</createdTime>
<commentInRDBMS><![CDATA[Tenant Family Name]]></commentInRDBMS>
<generatorID>07CFD4CE-9E01-2953-C1DF-EE7452CE2453</generatorID>
<ownerDesignName>Property-Rental</ownerDesignName>
<useDomainConstraints>false</useDomainConstraints>
<use>1</use>
<logicalDatatype>LOGDT024</logicalDatatype>
<dataTypeSize>20</dataTypeSize>
<ownDataTypeParameters>20,,</ownDataTypeParameters>
<autoIncrementCycle>false</autoIncrementCycle>
</Column>
<Column name="tenant_street" id="DA8AA1B1-BFDE-5181-E24B-21F7D184626D">
<createdBy>aahl0002</createdBy>
<createdTime>2020-05-01 19:49:28 UTC</createdTime>
<commentInRDBMS><![CDATA[Tenant Street]]></commentInRDBMS>
<generatorID>86FCEBDB-3123-3131-77FA-EFA49AC3C545</generatorID>
<ownerDesignName>Property-Rental</ownerDesignName>
<useDomainConstraints>false</useDomainConstraints>
<use>1</use>
<logicalDatatype>LOGDT024</logicalDatatype>
<dataTypeSize>50</dataTypeSize>
<ownDataTypeParameters>50,,</ownDataTypeParameters>
<autoIncrementCycle>false</autoIncrementCycle>
</Column>
<Column name="tenant_city" id="DA650481-1327-7C47-6499-8A95628470A8">
<createdBy>aahl0002</createdBy>
<createdTime>2020-05-01 19:49:28 UTC</createdTime>
<commentInRDBMS><![CDATA[Tenant City]]></commentInRDBMS>
<generatorID>17EECE3D-3D0E-FA38-F04E-492AE9990F1D</generatorID>
<ownerDesignName>Property-Rental</ownerDesignName>
<useDomainConstraints>false</useDomainConstraints>
<use>1</use>
<logicalDatatype>LOGDT024</logicalDatatype>
<dataTypeSize>50</dataTypeSize>
<ownDataTypeParameters>50,,</ownDataTypeParameters>
<autoIncrementCycle>false</autoIncrementCycle>
</Column>
<Column name="tenant_state" id="40607AB5-2117-579C-0DC8-F0404F1C9D1C">
<createdBy>aahl0002</createdBy>
<createdTime>2020-05-01 19:49:28 UTC</createdTime>
<commentInRDBMS><![CDATA[Tenant State]]></commentInRDBMS>
<generatorID>26F2FB76-B2AB-3D17-586E-21371E9F0DFA</generatorID>
<ownerDesignName>Property-Rental</ownerDesignName>
<useDomainConstraints>false</useDomainConstraints>
<use>1</use>
<logicalDatatype>LOGDT024</logicalDatatype>
<dataTypeSize>50</dataTypeSize>
<ownDataTypeParameters>50,,</ownDataTypeParameters>
<autoIncrementCycle>false</autoIncrementCycle>
</Column>
<Column name="tenant_postcode" id="77C5CF4B-11F2-BB49-315F-495DCDC3CD73">
<createdBy>aahl0002</createdBy>
<createdTime>2020-05-01 19:49:28 UTC</createdTime>
<commentInRDBMS><![CDATA[Tenant Postcode]]></commentInRDBMS>
<generatorID>13302D8D-C58B-AD53-94AE-B071F970572A</generatorID>
<ownerDesignName>Property-Rental</ownerDesignName>
<useDomainConstraints>false</useDomainConstraints>
<use>1</use>
<logicalDatatype>LOGDT025</logicalDatatype>
<dataTypeSize>5</dataTypeSize>
<ownDataTypeParameters>5,,</ownDataTypeParameters>
<autoIncrementCycle>false</autoIncrementCycle>
</Column>
<Column name="tenant_phone" id="CBEA816A-922B-1F2E-2AE5-B681FC4C4D2C">
<createdBy>aahl0002</createdBy>
<createdTime>2020-05-01 19:49:28 UTC</createdTime>
<commentInRDBMS><![CDATA[Tenant Phone Number ]]></commentInRDBMS>
<generatorID>BE5180BF-6BF7-CA40-24D0-F94115FA5234</generatorID>
<ownerDesignName>Property-Rental</ownerDesignName>
<useDomainConstraints>false</useDomainConstraints>
<use>1</use>
<logicalDatatype>LOGDT025</logicalDatatype>
<dataTypeSize>12</dataTypeSize>
<ownDataTypeParameters>12,,</ownDataTypeParameters>
<autoIncrementCycle>false</autoIncrementCycle>
</Column>
</columns>
<indexes itemClass="oracle.dbtools.crest.model.design.relational.Index">
<ind_PK_UK id="26A011C9-4AFE-2D27-4B84-6BA42512BA45" name="TENANT_PK">
<createdBy>aahl0002</createdBy>
<createdTime>2020-05-01 19:49:28 UTC</createdTime>
<generatorID>E0D20069-BC28-2ADF-99FB-CD65D274A162</generatorID>
<ownerDesignName>Property-Rental</ownerDesignName>
<pk>true</pk>
<indexState>Primary Constraint</indexState>
<isSurrogateKey>false</isSurrogateKey>
<indexColumnUsage>
<colUsage columnID="063AFD15-7EC3-C2B1-0906-C48DDF77A1F1"/>
</indexColumnUsage>
</ind_PK_UK>
</indexes>
</Table>
