<?xml version = '1.0' encoding = 'UTF-8'?>
<Table class="oracle.dbtools.crest.model.design.relational.Table" directorySegmentName="seg_0" id="FF5EBF3B-7327-7179-5D8D-F0ECD0C04277" name="PAYMENT">
<createdBy>aahl0002</createdBy>
<createdTime>2020-05-01 19:49:28 UTC</createdTime>
<generatorID>1EB08DAB-9E95-54D6-F0E2-3D47347106F9</generatorID>
<ownerDesignName>Property-Rental</ownerDesignName>
<allowColumnReorder>false</allowColumnReorder>
<existDependencyGenerateInDDl>true</existDependencyGenerateInDDl>
<parsed>true</parsed>
<columns itemClass="oracle.dbtools.crest.model.design.relational.Column">
<Column name="payment_no" id="61BC17C1-757A-CCA2-51B3-25D626640571">
<createdBy>aahl0002</createdBy>
<createdTime>2020-05-01 19:49:28 UTC</createdTime>
<commentInRDBMS><![CDATA[Payment Number]]></commentInRDBMS>
<generatorID>CD2DED8F-A60E-066E-3E4D-D60BDFAFA6C7</generatorID>
<ownerDesignName>Property-Rental</ownerDesignName>
<useDomainConstraints>false</useDomainConstraints>
<use>1</use>
<logicalDatatype>LOGDT019</logicalDatatype>
<dataTypePrecision>7</dataTypePrecision>
<ownDataTypeParameters>,7,</ownDataTypeParameters>
<autoIncrementCycle>false</autoIncrementCycle>
</Column>
<Column name="payment_date" id="1EF9282E-428D-67AA-0CC7-CBE0EF7BFFBC">
<createdBy>aahl0002</createdBy>
<createdTime>2020-05-01 19:49:28 UTC</createdTime>
<commentInRDBMS><![CDATA[Payment Date]]></commentInRDBMS>
<generatorID>80D02025-5F99-4FB7-4252-4FF88964F6DD</generatorID>
<ownerDesignName>Property-Rental</ownerDesignName>
<useDomainConstraints>false</useDomainConstraints>
<use>1</use>
<logicalDatatype>LOGDT007</logicalDatatype>
<ownDataTypeParameters>,,</ownDataTypeParameters>
<autoIncrementCycle>false</autoIncrementCycle>
</Column>
<Column name="payment_type" id="D8C3CE0E-E7EA-4EC1-527E-B6586443DAFF">
<createdBy>aahl0002</createdBy>
<createdTime>2020-05-01 19:49:28 UTC</createdTime>
<commentInRDBMS><![CDATA[Payment Type]]></commentInRDBMS>
<generatorID>ACDF00D4-DDED-0B76-AAB4-77FD0DE849FA</generatorID>
<ownerDesignName>Property-Rental</ownerDesignName>
<constraintName>DROP DOWN LIST PAYMENT_TYPE</constraintName>
<useDomainConstraints>false</useDomainConstraints>
<use>1</use>
<logicalDatatype>LOGDT024</logicalDatatype>
<dataTypeSize>20</dataTypeSize>
<listOfValues>
<valueDef value="Bank Transfer" description="Payment By Bank Transfer"/>
<valueDef value="Cash" description="Payment By Cash"/>
<valueDef value="Credit/Debit Card" description="Payment By Card"/>
</listOfValues>
<ownDataTypeParameters>20,,</ownDataTypeParameters>
<autoIncrementCycle>false</autoIncrementCycle>
</Column>
<Column name="payment_amount" id="1485996D-86D6-D708-013E-99197E70DA4F">
<createdBy>aahl0002</createdBy>
<createdTime>2020-05-01 19:49:28 UTC</createdTime>
<commentInRDBMS><![CDATA[Payment Amount]]></commentInRDBMS>
<generatorID>46D2B401-D40A-874C-A08B-DE7CE3D5784F</generatorID>
<ownerDesignName>Property-Rental</ownerDesignName>
<constraintName>CHK PAYMENT AMOUNT</constraintName>
<useDomainConstraints>false</useDomainConstraints>
<use>1</use>
<logicalDatatype>LOGDT019</logicalDatatype>
<dataTypePrecision>7</dataTypePrecision>
<dataTypeScale>2</dataTypeScale>
<checkConstraint>
<implementationDef dbType="Oracle Database 11g" definition="payment_amount &gt; 0"/>
</checkConstraint>
<ownDataTypeParameters>,7,2</ownDataTypeParameters>
<autoIncrementCycle>false</autoIncrementCycle>
</Column>
<Column name="payment_paidby" id="BEB8C40E-6E9C-37B2-33E9-7B791664F4EF">
<createdBy>aahl0002</createdBy>
<createdTime>2020-05-01 19:49:28 UTC</createdTime>
<commentInRDBMS><![CDATA[Payment Paid By]]></commentInRDBMS>
<generatorID>0F91C853-70C7-581E-991A-ED00A85D72D0</generatorID>
<ownerDesignName>Property-Rental</ownerDesignName>
<useDomainConstraints>false</useDomainConstraints>
<use>1</use>
<logicalDatatype>LOGDT024</logicalDatatype>
<dataTypeSize>50</dataTypeSize>
<ownDataTypeParameters>50,,</ownDataTypeParameters>
<autoIncrementCycle>false</autoIncrementCycle>
</Column>
<Column name="rent_lease_startdate" id="9A070E00-C71E-F11A-A7C4-458E3B10D32C">
<createdBy>aahl0002</createdBy>
<createdTime>2020-05-01 19:49:28 UTC</createdTime>
<commentInRDBMS><![CDATA[Rent Lease Start Date]]></commentInRDBMS>
<generatorID>1EDEC557-A30C-1763-168B-BAE2F6C9771D</generatorID>
<ownerDesignName>Property-Rental</ownerDesignName>
<useDomainConstraints>false</useDomainConstraints>
<use>1</use>
<logicalDatatype>LOGDT007</logicalDatatype>
<ownDataTypeParameters>,,</ownDataTypeParameters>
<previousColumn>false</previousColumn>
<autoIncrementCycle>false</autoIncrementCycle>
<associations>
<colAssociation fkAssociation="D7ED59BA-1DA3-6724-9E11-BC8D27A15810" referredColumn="2B9C18A6-F70D-0C49-1D87-B03DBE84431B"/>
</associations>
</Column>
<Column name="prop_no" id="2BC31304-492C-1AD3-5C43-A4C2274D211F">
<createdBy>aahl0002</createdBy>
<createdTime>2020-05-01 19:49:28 UTC</createdTime>
<commentInRDBMS><![CDATA[Property Number]]></commentInRDBMS>
<generatorID>8BC6E07B-50E1-5CBD-53CA-33DB1ACF580A</generatorID>
<ownerDesignName>Property-Rental</ownerDesignName>
<useDomainConstraints>false</useDomainConstraints>
<use>1</use>
<logicalDatatype>LOGDT019</logicalDatatype>
<dataTypePrecision>7</dataTypePrecision>
<ownDataTypeParameters>,,</ownDataTypeParameters>
<previousColumn>false</previousColumn>
<autoIncrementCycle>false</autoIncrementCycle>
<associations>
<colAssociation fkAssociation="D7ED59BA-1DA3-6724-9E11-BC8D27A15810" referredColumn="1D7A3C55-FBA3-3460-D263-2CDD8E43A28B"/>
</associations>
</Column>
</columns>
<indexes itemClass="oracle.dbtools.crest.model.design.relational.Index">
<ind_PK_UK id="9E56DD50-CC95-73B6-090F-02F5BD180AAD" name="PAYMENT_PK">
<createdBy>aahl0002</createdBy>
<createdTime>2020-05-01 19:49:28 UTC</createdTime>
<generatorID>8613CA27-8F68-B6EC-004E-1BD8C10999A4</generatorID>
<ownerDesignName>Property-Rental</ownerDesignName>
<pk>true</pk>
<indexState>Primary Constraint</indexState>
<isSurrogateKey>false</isSurrogateKey>
<indexColumnUsage>
<colUsage columnID="61BC17C1-757A-CCA2-51B3-25D626640571"/>
</indexColumnUsage>
</ind_PK_UK>
<ind_PK_UK id="AD01F82A-4AAA-F3E8-3611-64A8B79DF2C3" name="RENT_TO_PAYMENT">
<createdBy>aahl0002</createdBy>
<createdTime>2020-05-01 19:49:28 UTC</createdTime>
<generatorID>FD9D59E4-3606-7A18-638B-D05BAED413FD</generatorID>
<ownerDesignName>Property-Rental</ownerDesignName>
<indexState>Foreign Key</indexState>
<isSurrogateKey>false</isSurrogateKey>
<indexColumnUsage>
<colUsage columnID="9A070E00-C71E-F11A-A7C4-458E3B10D32C"/>
<colUsage columnID="2BC31304-492C-1AD3-5C43-A4C2274D211F"/>
</indexColumnUsage>
</ind_PK_UK>
</indexes>
</Table>
