<?xml version = '1.0' encoding = 'UTF-8'?>
<FKIndexAssociation class="oracle.dbtools.crest.model.design.relational.FKIndexAssociation" directorySegmentName="seg_0" id="9A03D458-03A3-0A8E-8D50-7ACBABBACBF4" containerWithKeyObject="E6CC3FA4-CE37-CA84-095E-193529843C7B" localFKIndex="DBEC7B2B-13DF-BE66-E220-7D2A80432784" name="TENANT_TO_RENT">
<createdBy>aahl0002</createdBy>
<createdTime>2020-05-01 19:49:28 UTC</createdTime>
<generatorID>8AAB1049-B75E-3861-9356-CACFE2DAC544</generatorID>
<ownerDesignName>Property-Rental</ownerDesignName>
<referredTableLongName>TENANT</referredTableLongName>
<deleteRule>NO ACTION</deleteRule>
<referredTableID>B94B8769-B1C7-CBEE-DB9A-1A3EB34B22A2</referredTableID>
<keyObject>26A011C9-4AFE-2D27-4B84-6BA42512BA45</keyObject>
<referredKeyID>26A011C9-4AFE-2D27-4B84-6BA42512BA45</referredKeyID>
<mandatory>true</mandatory>
<refColNames>tenant_no</refColNames>
<transferable>true</transferable>
<rely>false</rely>
<columnDependencyConstraintGenerateInDDL>true</columnDependencyConstraintGenerateInDDL>
</FKIndexAssociation>
