<?xml version = '1.0' encoding = 'UTF-8'?>
<FKIndexAssociation class="oracle.dbtools.crest.model.design.relational.FKIndexAssociation" directorySegmentName="seg_0" id="2BA19AC9-7827-68B1-7E10-2AD8522ECE31" containerWithKeyObject="E9FD1B4A-153C-F3A1-4A40-AE7962E9B19C" localFKIndex="BA1C29BA-D9EA-D57D-1464-8F6A1462663B" name="RENT_TO_PAYMENT">
<createdBy>aahl0002</createdBy>
<createdTime>2020-05-02 13:46:57 UTC</createdTime>
<generatorID>FD9D59E4-3606-7A18-638B-D05BAED413FD</generatorID>
<ownerDesignName>Property-Rental</ownerDesignName>
<referredTableLongName>RENT</referredTableLongName>
<deleteRule>NO ACTION</deleteRule>
<referredTableID>B448F1BA-4457-B18E-F1F5-CB93F1F6FE7A</referredTableID>
<keyObject>C5497691-5391-8877-BE9C-96D581D8F112</keyObject>
<referredKeyID>C5497691-5391-8877-BE9C-96D581D8F112</referredKeyID>
<mandatory>true</mandatory>
<refColNames>rent_lease_startdate,prop_no</refColNames>
<transferable>true</transferable>
<rely>false</rely>
<columnDependencyConstraintGenerateInDDL>true</columnDependencyConstraintGenerateInDDL>
</FKIndexAssociation>
