<?xml version = '1.0' encoding = 'UTF-8'?>
<Table class="oracle.dbtools.crest.model.design.relational.Table" directorySegmentName="seg_0" id="2A88F71B-B20E-B1AB-D9EA-233504191BFC" name="TENANT">
<createdBy>aahl0002</createdBy>
<createdTime>2020-05-02 13:46:57 UTC</createdTime>
<generatorID>5EB6B211-BE2D-0AE3-3FDF-6D08FC2A9F6F</generatorID>
<ownerDesignName>Property-Rental</ownerDesignName>
<allowColumnReorder>false</allowColumnReorder>
<existDependencyGenerateInDDl>true</existDependencyGenerateInDDl>
<parsed>true</parsed>
<columns itemClass="oracle.dbtools.crest.model.design.relational.Column">
<Column name="tenant_no" id="AD07FF48-FCAF-0112-FC9C-80613B8B0F25">
<createdBy>aahl0002</createdBy>
<createdTime>2020-05-02 13:46:57 UTC</createdTime>
<commentInRDBMS><![CDATA[Tenant Number]]></commentInRDBMS>
<generatorID>741C482F-2759-4A8C-600D-29B2DA80A857</generatorID>
<ownerDesignName>Property-Rental</ownerDesignName>
<useDomainConstraints>false</useDomainConstraints>
<use>1</use>
<logicalDatatype>LOGDT019</logicalDatatype>
<dataTypePrecision>7</dataTypePrecision>
<ownDataTypeParameters>,7,</ownDataTypeParameters>
<autoIncrementCycle>false</autoIncrementCycle>
</Column>
<Column name="tenant_title" id="03A4DC47-12B0-676B-07CD-A857EA34698E">
<createdBy>aahl0002</createdBy>
<createdTime>2020-05-02 13:46:57 UTC</createdTime>
<commentInRDBMS><![CDATA[Tenant Title]]></commentInRDBMS>
<generatorID>78F7E29E-8DF3-4A99-89BB-5DA131ED218F</generatorID>
<ownerDesignName>Property-Rental</ownerDesignName>
<useDomainConstraints>false</useDomainConstraints>
<use>1</use>
<logicalDatatype>LOGDT024</logicalDatatype>
<dataTypeSize>5</dataTypeSize>
<ownDataTypeParameters>5,,</ownDataTypeParameters>
<autoIncrementCycle>false</autoIncrementCycle>
</Column>
<Column name="tenant_gname" id="E40EC2A0-F2F3-F998-744A-0B8DDE8446A9">
<createdBy>aahl0002</createdBy>
<createdTime>2020-05-02 13:46:57 UTC</createdTime>
<commentInRDBMS><![CDATA[Tenant Given Name]]></commentInRDBMS>
<generatorID>162C2914-4B4E-2391-BA27-2CCDB52CC485</generatorID>
<ownerDesignName>Property-Rental</ownerDesignName>
<useDomainConstraints>false</useDomainConstraints>
<use>1</use>
<logicalDatatype>LOGDT024</logicalDatatype>
<dataTypeSize>20</dataTypeSize>
<ownDataTypeParameters>20,,</ownDataTypeParameters>
<autoIncrementCycle>false</autoIncrementCycle>
</Column>
<Column name="tenant_fname" id="6DD46929-010B-A6BC-86E3-100F4A096707">
<createdBy>aahl0002</createdBy>
<createdTime>2020-05-02 13:46:57 UTC</createdTime>
<commentInRDBMS><![CDATA[Tenant Family Name]]></commentInRDBMS>
<generatorID>07CFD4CE-9E01-2953-C1DF-EE7452CE2453</generatorID>
<ownerDesignName>Property-Rental</ownerDesignName>
<useDomainConstraints>false</useDomainConstraints>
<use>1</use>
<logicalDatatype>LOGDT024</logicalDatatype>
<dataTypeSize>20</dataTypeSize>
<ownDataTypeParameters>20,,</ownDataTypeParameters>
<autoIncrementCycle>false</autoIncrementCycle>
</Column>
<Column name="tenant_street" id="80BBC985-4F07-B7E7-5FEE-085114813257">
<createdBy>aahl0002</createdBy>
<createdTime>2020-05-02 13:46:57 UTC</createdTime>
<commentInRDBMS><![CDATA[Tenant Street]]></commentInRDBMS>
<generatorID>86FCEBDB-3123-3131-77FA-EFA49AC3C545</generatorID>
<ownerDesignName>Property-Rental</ownerDesignName>
<useDomainConstraints>false</useDomainConstraints>
<use>1</use>
<logicalDatatype>LOGDT024</logicalDatatype>
<dataTypeSize>50</dataTypeSize>
<ownDataTypeParameters>50,,</ownDataTypeParameters>
<autoIncrementCycle>false</autoIncrementCycle>
</Column>
<Column name="tenant_city" id="8ACC073E-BFCB-76B5-5A23-47B1CD80CD78">
<createdBy>aahl0002</createdBy>
<createdTime>2020-05-02 13:46:57 UTC</createdTime>
<commentInRDBMS><![CDATA[Tenant City]]></commentInRDBMS>
<generatorID>17EECE3D-3D0E-FA38-F04E-492AE9990F1D</generatorID>
<ownerDesignName>Property-Rental</ownerDesignName>
<useDomainConstraints>false</useDomainConstraints>
<use>1</use>
<logicalDatatype>LOGDT024</logicalDatatype>
<dataTypeSize>50</dataTypeSize>
<ownDataTypeParameters>50,,</ownDataTypeParameters>
<autoIncrementCycle>false</autoIncrementCycle>
</Column>
<Column name="tenant_state" id="781E46EA-E481-F53D-2B77-69C14FEB94AE">
<createdBy>aahl0002</createdBy>
<createdTime>2020-05-02 13:46:57 UTC</createdTime>
<commentInRDBMS><![CDATA[Tenant State]]></commentInRDBMS>
<generatorID>26F2FB76-B2AB-3D17-586E-21371E9F0DFA</generatorID>
<ownerDesignName>Property-Rental</ownerDesignName>
<useDomainConstraints>false</useDomainConstraints>
<use>1</use>
<logicalDatatype>LOGDT024</logicalDatatype>
<dataTypeSize>50</dataTypeSize>
<ownDataTypeParameters>50,,</ownDataTypeParameters>
<autoIncrementCycle>false</autoIncrementCycle>
</Column>
<Column name="tenant_postcode" id="769779ED-F028-2E5E-FFF8-98C054E9BFDA">
<createdBy>aahl0002</createdBy>
<createdTime>2020-05-02 13:46:57 UTC</createdTime>
<commentInRDBMS><![CDATA[Tenant Postcode]]></commentInRDBMS>
<generatorID>13302D8D-C58B-AD53-94AE-B071F970572A</generatorID>
<ownerDesignName>Property-Rental</ownerDesignName>
<useDomainConstraints>false</useDomainConstraints>
<use>1</use>
<logicalDatatype>LOGDT025</logicalDatatype>
<dataTypeSize>5</dataTypeSize>
<ownDataTypeParameters>5,,</ownDataTypeParameters>
<autoIncrementCycle>false</autoIncrementCycle>
</Column>
<Column name="tenant_phone" id="329DDB4B-3CFC-66BA-A881-C3EF6FDC3AF3">
<createdBy>aahl0002</createdBy>
<createdTime>2020-05-02 13:46:57 UTC</createdTime>
<commentInRDBMS><![CDATA[Tenant Phone Number ]]></commentInRDBMS>
<generatorID>BE5180BF-6BF7-CA40-24D0-F94115FA5234</generatorID>
<ownerDesignName>Property-Rental</ownerDesignName>
<useDomainConstraints>false</useDomainConstraints>
<use>1</use>
<logicalDatatype>LOGDT025</logicalDatatype>
<dataTypeSize>12</dataTypeSize>
<ownDataTypeParameters>12,,</ownDataTypeParameters>
<autoIncrementCycle>false</autoIncrementCycle>
</Column>
</columns>
<indexes itemClass="oracle.dbtools.crest.model.design.relational.Index">
<ind_PK_UK id="19FEA870-DF36-74D5-5CA7-A433DDA56F3B" name="TENANT_PK">
<createdBy>aahl0002</createdBy>
<createdTime>2020-05-02 13:46:57 UTC</createdTime>
<generatorID>E0D20069-BC28-2ADF-99FB-CD65D274A162</generatorID>
<ownerDesignName>Property-Rental</ownerDesignName>
<pk>true</pk>
<indexState>Primary Constraint</indexState>
<isSurrogateKey>false</isSurrogateKey>
<indexColumnUsage>
<colUsage columnID="AD07FF48-FCAF-0112-FC9C-80613B8B0F25"/>
</indexColumnUsage>
</ind_PK_UK>
</indexes>
</Table>
