<?xml version = '1.0' encoding = 'UTF-8'?>
<Table class="oracle.dbtools.crest.model.design.relational.Table" directorySegmentName="seg_0" id="44B49548-95F5-3B69-1411-B8D93242C82A" name="OWNER">
<createdBy>aahl0002</createdBy>
<createdTime>2020-05-02 13:46:57 UTC</createdTime>
<generatorID>05BCB15A-4DF2-A532-6483-255BDCDC8190</generatorID>
<ownerDesignName>Property-Rental</ownerDesignName>
<allowColumnReorder>false</allowColumnReorder>
<existDependencyGenerateInDDl>true</existDependencyGenerateInDDl>
<parsed>true</parsed>
<columns itemClass="oracle.dbtools.crest.model.design.relational.Column">
<Column name="owner_no" id="BF606511-EF80-A34E-802D-2E1CBC6A1330">
<createdBy>aahl0002</createdBy>
<createdTime>2020-05-02 13:46:57 UTC</createdTime>
<commentInRDBMS><![CDATA[Owner Number]]></commentInRDBMS>
<generatorID>A04D127A-A05A-247D-3F1C-FB23105C69B7</generatorID>
<ownerDesignName>Property-Rental</ownerDesignName>
<useDomainConstraints>false</useDomainConstraints>
<use>1</use>
<logicalDatatype>LOGDT019</logicalDatatype>
<dataTypePrecision>7</dataTypePrecision>
<ownDataTypeParameters>,7,</ownDataTypeParameters>
<autoIncrementCycle>false</autoIncrementCycle>
</Column>
<Column name="owner_title" id="1C0E895E-CD1A-DDBD-FFC1-0E2A3F8CEE3C">
<createdBy>aahl0002</createdBy>
<createdTime>2020-05-02 13:46:57 UTC</createdTime>
<commentInRDBMS><![CDATA[Owner Title]]></commentInRDBMS>
<generatorID>77292202-B3EC-83A9-3C15-DE1D2BCFBF5A</generatorID>
<ownerDesignName>Property-Rental</ownerDesignName>
<useDomainConstraints>false</useDomainConstraints>
<use>1</use>
<logicalDatatype>LOGDT024</logicalDatatype>
<dataTypeSize>5</dataTypeSize>
<ownDataTypeParameters>5,,</ownDataTypeParameters>
<autoIncrementCycle>false</autoIncrementCycle>
</Column>
<Column name="owner_gname" id="B955F3C9-5515-DDDE-EADB-4BFFFFA5C11E">
<createdBy>aahl0002</createdBy>
<createdTime>2020-05-02 13:46:57 UTC</createdTime>
<commentInRDBMS><![CDATA[Owner Given Name]]></commentInRDBMS>
<generatorID>BF3B3E97-7CF2-D9D5-1B46-108CCB54DCB1</generatorID>
<ownerDesignName>Property-Rental</ownerDesignName>
<useDomainConstraints>false</useDomainConstraints>
<use>1</use>
<logicalDatatype>LOGDT024</logicalDatatype>
<dataTypeSize>20</dataTypeSize>
<ownDataTypeParameters>20,,</ownDataTypeParameters>
<autoIncrementCycle>false</autoIncrementCycle>
</Column>
<Column name="owner_fname" id="E1990162-94EC-F71E-6F48-D812CD0AC11E">
<createdBy>aahl0002</createdBy>
<createdTime>2020-05-02 13:46:57 UTC</createdTime>
<commentInRDBMS><![CDATA[Owner Family Name]]></commentInRDBMS>
<generatorID>A101AED3-50DD-CB58-7B3C-F9E49C35FE4F</generatorID>
<ownerDesignName>Property-Rental</ownerDesignName>
<useDomainConstraints>false</useDomainConstraints>
<use>1</use>
<logicalDatatype>LOGDT024</logicalDatatype>
<dataTypeSize>20</dataTypeSize>
<ownDataTypeParameters>20,,</ownDataTypeParameters>
<autoIncrementCycle>false</autoIncrementCycle>
</Column>
<Column name="owner_address" id="EC799277-7357-CC4D-0889-7438F4BD0086">
<createdBy>aahl0002</createdBy>
<createdTime>2020-05-02 13:46:57 UTC</createdTime>
<commentInRDBMS><![CDATA[Owner Address]]></commentInRDBMS>
<generatorID>ED192ECA-7150-928A-F67F-02A03318015F</generatorID>
<ownerDesignName>Property-Rental</ownerDesignName>
<useDomainConstraints>false</useDomainConstraints>
<use>1</use>
<logicalDatatype>LOGDT024</logicalDatatype>
<dataTypeSize>50</dataTypeSize>
<ownDataTypeParameters>50,,</ownDataTypeParameters>
<autoIncrementCycle>false</autoIncrementCycle>
</Column>
</columns>
<indexes itemClass="oracle.dbtools.crest.model.design.relational.Index">
<ind_PK_UK id="88A0298E-8DDE-574C-9476-AD058A38805D" name="OWNER_PK">
<createdBy>aahl0002</createdBy>
<createdTime>2020-05-02 13:46:57 UTC</createdTime>
<generatorID>0ABB9D6C-4F89-E6B6-0466-D067D194EC95</generatorID>
<ownerDesignName>Property-Rental</ownerDesignName>
<pk>true</pk>
<indexState>Primary Constraint</indexState>
<isSurrogateKey>false</isSurrogateKey>
<indexColumnUsage>
<colUsage columnID="BF606511-EF80-A34E-802D-2E1CBC6A1330"/>
</indexColumnUsage>
</ind_PK_UK>
</indexes>
</Table>
