<?xml version = '1.0' encoding = 'UTF-8'?>
<Table class="oracle.dbtools.crest.model.design.relational.Table" directorySegmentName="seg_0" id="FAF50381-3CEC-F8F3-352C-9F38CEE5E8B0" name="PROPERTY">
<createdBy>aahl0002</createdBy>
<createdTime>2020-05-02 13:46:57 UTC</createdTime>
<generatorID>2C858DC7-3089-C042-9C15-0429DFE20EEF</generatorID>
<ownerDesignName>Property-Rental</ownerDesignName>
<allowColumnReorder>false</allowColumnReorder>
<existDependencyGenerateInDDl>true</existDependencyGenerateInDDl>
<parsed>true</parsed>
<columns itemClass="oracle.dbtools.crest.model.design.relational.Column">
<Column name="prop_no" id="84EA4D84-9065-22AB-4E6D-53066C547177">
<createdBy>aahl0002</createdBy>
<createdTime>2020-05-02 13:46:57 UTC</createdTime>
<commentInRDBMS><![CDATA[Property Number]]></commentInRDBMS>
<generatorID>E6D0F091-4301-046E-1D6C-7EFBA247A57D</generatorID>
<ownerDesignName>Property-Rental</ownerDesignName>
<useDomainConstraints>false</useDomainConstraints>
<use>1</use>
<logicalDatatype>LOGDT019</logicalDatatype>
<dataTypePrecision>7</dataTypePrecision>
<ownDataTypeParameters>,7,</ownDataTypeParameters>
<autoIncrementCycle>false</autoIncrementCycle>
</Column>
<Column name="prop_address" id="F93F13AB-EB01-8DFD-A655-547314D70F7B">
<createdBy>aahl0002</createdBy>
<createdTime>2020-05-02 13:46:57 UTC</createdTime>
<commentInRDBMS><![CDATA[Property Address]]></commentInRDBMS>
<generatorID>94F3BE21-02BB-7D02-004F-28E9726DF016</generatorID>
<ownerDesignName>Property-Rental</ownerDesignName>
<useDomainConstraints>false</useDomainConstraints>
<use>1</use>
<logicalDatatype>LOGDT024</logicalDatatype>
<dataTypeSize>50</dataTypeSize>
<ownDataTypeParameters>50,,</ownDataTypeParameters>
<autoIncrementCycle>false</autoIncrementCycle>
</Column>
<Column name="prop_value" id="6B63C7F5-D718-6C80-3DE8-7C2B88FB5174">
<createdBy>aahl0002</createdBy>
<createdTime>2020-05-02 13:46:57 UTC</createdTime>
<commentInRDBMS><![CDATA[Property Value]]></commentInRDBMS>
<generatorID>0977AD88-AD1E-DE8F-6552-2A1F3FA1B3DD</generatorID>
<ownerDesignName>Property-Rental</ownerDesignName>
<useDomainConstraints>false</useDomainConstraints>
<use>1</use>
<logicalDatatype>LOGDT019</logicalDatatype>
<dataTypePrecision>7</dataTypePrecision>
<dataTypeScale>2</dataTypeScale>
<ownDataTypeParameters>,7,2</ownDataTypeParameters>
<autoIncrementCycle>false</autoIncrementCycle>
</Column>
<Column name="owner_no" id="CD5AE99C-C0F4-61FB-DE51-F66F1C5A1822">
<createdBy>aahl0002</createdBy>
<createdTime>2020-05-02 13:46:57 UTC</createdTime>
<commentInRDBMS><![CDATA[Owner Number]]></commentInRDBMS>
<generatorID>094CA2F5-41E3-3B2C-CBC2-3E6FAA45F0A3</generatorID>
<ownerDesignName>Property-Rental</ownerDesignName>
<useDomainConstraints>false</useDomainConstraints>
<use>1</use>
<logicalDatatype>LOGDT019</logicalDatatype>
<dataTypePrecision>7</dataTypePrecision>
<ownDataTypeParameters>,,</ownDataTypeParameters>
<previousColumn>false</previousColumn>
<autoIncrementCycle>false</autoIncrementCycle>
<associations>
<colAssociation fkAssociation="D5199B1F-51FD-6214-CBA8-BC791481C3B9" referredColumn="BF606511-EF80-A34E-802D-2E1CBC6A1330"/>
</associations>
</Column>
</columns>
<indexes itemClass="oracle.dbtools.crest.model.design.relational.Index">
<ind_PK_UK id="CB4A3037-B703-0CC8-3E85-F6F66E4BEB20" name="PROPERTY_PK">
<createdBy>aahl0002</createdBy>
<createdTime>2020-05-02 13:46:57 UTC</createdTime>
<generatorID>717623A5-4F23-E2E8-F64A-2E551477A676</generatorID>
<ownerDesignName>Property-Rental</ownerDesignName>
<pk>true</pk>
<indexState>Primary Constraint</indexState>
<isSurrogateKey>false</isSurrogateKey>
<indexColumnUsage>
<colUsage columnID="84EA4D84-9065-22AB-4E6D-53066C547177"/>
</indexColumnUsage>
</ind_PK_UK>
<ind_PK_UK id="FF0FB67D-8DAF-2C80-E761-1F0D87AF1EA7" name="OWNER_TO_PROPERTY">
<createdBy>aahl0002</createdBy>
<createdTime>2020-05-02 13:46:57 UTC</createdTime>
<generatorID>E6B9C692-8921-8B0E-DCF8-38BDCE5A8305</generatorID>
<ownerDesignName>Property-Rental</ownerDesignName>
<indexState>Foreign Key</indexState>
<isSurrogateKey>false</isSurrogateKey>
<indexColumnUsage>
<colUsage columnID="CD5AE99C-C0F4-61FB-DE51-F66F1C5A1822"/>
</indexColumnUsage>
</ind_PK_UK>
</indexes>
</Table>
