<?xml version = '1.0' encoding = 'UTF-8'?>
<Entity class="oracle.dbtools.crest.model.design.logical.Entity" directorySegmentName="seg_0" id="F9A140CE-9851-4D55-860E-CB0B2A6FDDB5" name="MAINTENANCE">
<createdBy>aahl0002</createdBy>
<createdTime>2020-05-01 17:10:12 UTC</createdTime>
<ownerDesignName>Property-Rental</ownerDesignName>
<adequatelyNormalized>NO</adequatelyNormalized>
<expectedVolumes>0</expectedVolumes>
<fwdEngineeringStrategyName>Single Table</fwdEngineeringStrategyName>
<growthPercent>0</growthPercent>
<growthType>Year</growthType>
<maxVolumes>9999999</maxVolumes>
<minVolumes>0</minVolumes>
<normalForm>Third</normalForm>
<attributes itemClass="oracle.dbtools.crest.model.design.logical.Attribute">
<Attribute name="maint_no" id="A45214D0-7A8E-19B1-F71E-5E6C22B8EAB4">
<createdBy>aahl0002</createdBy>
<createdTime>2020-05-01 18:10:04 UTC</createdTime>
<commentInRDBMS><![CDATA[Surrogate Key: Maintainence Number]]></commentInRDBMS>
<ownerDesignName>Property-Rental</ownerDesignName>
<useDomainConstraints>false</useDomainConstraints>
<use>1</use>
<logicalDatatype>LOGDT019</logicalDatatype>
<dataTypePrecision>7</dataTypePrecision>
<ownDataTypeParameters>,7,</ownDataTypeParameters>
</Attribute>
<Attribute name="prop_no" id="49C73E7D-C189-757E-1012-057D984031AD">
<createdBy>aahl0002</createdBy>
<createdTime>2020-05-01 18:01:16 UTC</createdTime>
<commentInRDBMS><![CDATA[Property Number]]></commentInRDBMS>
<generatorID>3BD731F4-7E5D-6AF7-F79F-991740E367F4</generatorID>
<ownerDesignName>Property-Rental</ownerDesignName>
<referedAttribute>44DF51DB-41C2-5CF1-4C89-BBBDB18F6C6C</referedAttribute>
<useDomainConstraints>false</useDomainConstraints>
<use>1</use>
<logicalDatatype>LOGDT019</logicalDatatype>
<dataTypePrecision>7</dataTypePrecision>
<ownDataTypeParameters>,,</ownDataTypeParameters>
</Attribute>
<Attribute name="rent_lease_startdate" id="9288A892-B6D9-DF6C-E209-4529FFF163C7">
<createdBy>aahl0002</createdBy>
<createdTime>2020-05-01 17:54:13 UTC</createdTime>
<commentInRDBMS><![CDATA[Rent Lease Start Date]]></commentInRDBMS>
<generatorID>3BD731F4-7E5D-6AF7-F79F-991740E367F4</generatorID>
<ownerDesignName>Property-Rental</ownerDesignName>
<referedAttribute>3AF4434B-A9EF-B620-4DB5-6498D9D56B94</referedAttribute>
<useDomainConstraints>false</useDomainConstraints>
<use>1</use>
<logicalDatatype>LOGDT007</logicalDatatype>
<ownDataTypeParameters>,,</ownDataTypeParameters>
</Attribute>
<Attribute name="payment_no" id="F6C433E5-5874-9B23-D7A2-E82874DA3302">
<createdBy>aahl0002</createdBy>
<createdTime>2020-05-01 17:55:54 UTC</createdTime>
<commentInRDBMS><![CDATA[Payment Number]]></commentInRDBMS>
<generatorID>E3A8B9F1-2D00-2865-A649-C6C2A2FB7BC4</generatorID>
<ownerDesignName>Property-Rental</ownerDesignName>
<nullsAllowed>true</nullsAllowed>
<referedAttribute>CD2DED8F-A60E-066E-3E4D-D60BDFAFA6C7</referedAttribute>
<useDomainConstraints>false</useDomainConstraints>
<use>1</use>
<logicalDatatype>LOGDT019</logicalDatatype>
<dataTypePrecision>7</dataTypePrecision>
<ownDataTypeParameters>,,</ownDataTypeParameters>
</Attribute>
<Attribute name="maint_datetime" id="E29C1760-077E-472A-E5D0-BC0086F088BB">
<createdBy>aahl0002</createdBy>
<createdTime>2020-05-01 17:10:21 UTC</createdTime>
<commentInRDBMS><![CDATA[Maintenance Date & Time]]></commentInRDBMS>
<ownerDesignName>Property-Rental</ownerDesignName>
<useDomainConstraints>false</useDomainConstraints>
<use>1</use>
<logicalDatatype>LOGDT008</logicalDatatype>
<ownDataTypeParameters>,,</ownDataTypeParameters>
</Attribute>
<Attribute name="maint_desc" id="23161BCA-BF01-5CD5-BD67-F1CFAF11FF64">
<createdBy>aahl0002</createdBy>
<createdTime>2020-05-01 17:10:27 UTC</createdTime>
<commentInRDBMS><![CDATA[Maintenance Description]]></commentInRDBMS>
<ownerDesignName>Property-Rental</ownerDesignName>
<useDomainConstraints>false</useDomainConstraints>
<use>1</use>
<logicalDatatype>LOGDT024</logicalDatatype>
<dataTypeSize>50</dataTypeSize>
<ownDataTypeParameters>50,,</ownDataTypeParameters>
</Attribute>
<Attribute name="maint_cost" id="AA074E47-0753-6D29-224C-8C31454041E2">
<createdBy>aahl0002</createdBy>
<createdTime>2020-05-01 17:10:28 UTC</createdTime>
<commentInRDBMS><![CDATA[Maintenance Cost ]]></commentInRDBMS>
<ownerDesignName>Property-Rental</ownerDesignName>
<useDomainConstraints>false</useDomainConstraints>
<use>1</use>
<logicalDatatype>LOGDT019</logicalDatatype>
<dataTypePrecision>7</dataTypePrecision>
<dataTypeScale>2</dataTypeScale>
<ownDataTypeParameters>,7,2</ownDataTypeParameters>
</Attribute>
</attributes>
<identifiers itemClass="oracle.dbtools.crest.model.design.logical.CandidateKey">
<identifier id="62EBE6F1-CA47-EDBE-BB1C-26888B2D13E7" name="NK MAINTENANCE">
<createdBy>aahl0002</createdBy>
<createdTime>2020-05-01 18:07:08 UTC</createdTime>
<ownerDesignName>Property-Rental</ownerDesignName>
<newElementsIDs>3BD731F4-7E5D-6AF7-F79F-991740E367F4,E3A8B9F1-2D00-2865-A649-C6C2A2FB7BC4,E29C1760-077E-472A-E5D0-BC0086F088BB</newElementsIDs>
<usedAttributes>
<attributeRef>9288A892-B6D9-DF6C-E209-4529FFF163C7</attributeRef>
<attributeRef>49C73E7D-C189-757E-1012-057D984031AD</attributeRef>
<attributeRef>F6C433E5-5874-9B23-D7A2-E82874DA3302</attributeRef>
<attributeRef>E29C1760-077E-472A-E5D0-BC0086F088BB</attributeRef>
</usedAttributes>
</identifier>
<identifier id="0332C0DB-4674-D4E9-BAB1-04F07BC865E4" name="MAINTENANCE PK">
<createdBy>aahl0002</createdBy>
<createdTime>2020-05-01 18:10:31 UTC</createdTime>
<ownerDesignName>Property-Rental</ownerDesignName>
<pk>true</pk>
<usedAttributes>
<attributeRef>A45214D0-7A8E-19B1-F71E-5E6C22B8EAB4</attributeRef>
</usedAttributes>
</identifier>
</identifiers>
</Entity>
