<?xml version = '1.0' encoding = 'UTF-8'?>
<Diagram class="oracle.dbtools.crest.swingui.relational.DPVRelational" name="Relational_1" id="05B63BE9-080B-4CFA-D311-FA5E2CA5E078">
<createdBy>aahl0002</createdBy>
<modifiedBy>aahl0002</modifiedBy>
<createdTime>2020-05-02 13:46:43 UTC</createdTime>
<autoRoute>false</autoRoute>
<boxInbox>true</boxInbox>
<showLegend>false</showLegend>
<showLabels>false</showLabels>
<showRelAttributes>false</showRelAttributes>
<gridEnabled>false</gridEnabled>
<showGrid>false</showGrid>
<diagramColor>-1</diagramColor>
<display>false</display>
<notation>1</notation>
<objectViews>
<OView class="oracle.dbtools.crest.swingui.relational.TVTable" oid="2A88F71B-B20E-B1AB-D9EA-233504191BFC" otype="Table" vid="8B262E07-5D6F-F7B0-FF18-155091885E07">
<hideElementsInCurrentOnly>false</hideElementsInCurrentOnly>
<bounds x="160" y="410" width="221" height="175"/>
</OView>
<OView class="oracle.dbtools.crest.swingui.relational.TVTable" oid="44B49548-95F5-3B69-1411-B8D93242C82A" otype="Table" vid="C5923650-3FED-1D0F-1B3E-A84DAE25926A">
<hideElementsInCurrentOnly>false</hideElementsInCurrentOnly>
<bounds x="540" y="10" width="218" height="128"/>
</OView>
<OView class="oracle.dbtools.crest.swingui.relational.TVTable" oid="A3865459-537F-A0BB-B552-24897FF422D1" otype="Table" vid="1CACF738-AAD9-4B4B-AC0F-608AB669178A">
<hideElementsInCurrentOnly>false</hideElementsInCurrentOnly>
<bounds x="126" y="660" width="395" height="206"/>
</OView>
<OView class="oracle.dbtools.crest.swingui.relational.TVTable" oid="B448F1BA-4457-B18E-F1F5-CB93F1F6FE7A" otype="Table" vid="7E4A3F9B-B39C-3517-9006-1F34C852F9FA">
<hideElementsInCurrentOnly>false</hideElementsInCurrentOnly>
<bounds x="540" y="420" width="221" height="159"/>
</OView>
<OView class="oracle.dbtools.crest.swingui.relational.TVTable" oid="E9FD1B4A-153C-F3A1-4A40-AE7962E9B19C" otype="Table" vid="7B92D0A0-7340-0E27-A166-B0957EBD6731">
<hideElementsInCurrentOnly>false</hideElementsInCurrentOnly>
<bounds x="810" y="660" width="276" height="170"/>
</OView>
<OView class="oracle.dbtools.crest.swingui.relational.TVTable" oid="FAF50381-3CEC-F8F3-352C-9F38CEE5E8B0" otype="Table" vid="78FF3ED7-4D6D-0969-9912-4EC2D0AA5F22">
<hideElementsInCurrentOnly>false</hideElementsInCurrentOnly>
<bounds x="540" y="220" width="219" height="121"/>
</OView>
</objectViews>
<connectors>
<Connector class="oracle.dbtools.crest.swingui.relational.TVFKRelation" oid="133BCE2B-FC9B-C1CD-4AC8-9CB5E0A3902F" otype="FKIndexAssociation" vid_source="7B92D0A0-7340-0E27-A166-B0957EBD6731" vid_target="1CACF738-AAD9-4B4B-AC0F-608AB669178A">
<hideElementsInCurrentOnly>false</hideElementsInCurrentOnly>
<backgroundColor>-16777216</backgroundColor>
<lineWidth>1</lineWidth>
<points>
<point x="810" y="745"/>
<point x="521" y="745"/>
</points>
</Connector>
<Connector class="oracle.dbtools.crest.swingui.relational.TVFKRelation" oid="1F1A6298-663A-A3BF-4E8B-39BB71174F95" otype="FKIndexAssociation" vid_source="78FF3ED7-4D6D-0969-9912-4EC2D0AA5F22" vid_target="7E4A3F9B-B39C-3517-9006-1F34C852F9FA">
<hideElementsInCurrentOnly>false</hideElementsInCurrentOnly>
<backgroundColor>-16777216</backgroundColor>
<lineWidth>1</lineWidth>
<points>
<point x="664" y="341"/>
<point x="664" y="420"/>
</points>
</Connector>
<Connector class="oracle.dbtools.crest.swingui.relational.TVFKRelation" oid="2BA19AC9-7827-68B1-7E10-2AD8522ECE31" otype="FKIndexAssociation" vid_source="7E4A3F9B-B39C-3517-9006-1F34C852F9FA" vid_target="7B92D0A0-7340-0E27-A166-B0957EBD6731">
<hideElementsInCurrentOnly>false</hideElementsInCurrentOnly>
<backgroundColor>-16777216</backgroundColor>
<lineWidth>1</lineWidth>
<points>
<point x="746" y="579"/>
<point x="859" y="660"/>
</points>
</Connector>
<Connector class="oracle.dbtools.crest.swingui.relational.TVFKRelation" oid="42E2A46D-C143-8468-ECC8-AE563FFAE5B8" otype="FKIndexAssociation" vid_source="7E4A3F9B-B39C-3517-9006-1F34C852F9FA" vid_target="1CACF738-AAD9-4B4B-AC0F-608AB669178A">
<hideElementsInCurrentOnly>false</hideElementsInCurrentOnly>
<backgroundColor>-16777216</backgroundColor>
<lineWidth>1</lineWidth>
<points>
<point x="551" y="579"/>
<point x="451" y="660"/>
</points>
</Connector>
<Connector class="oracle.dbtools.crest.swingui.relational.TVFKRelation" oid="A4B2F233-DF24-F48F-A090-1D8BF4AC3934" otype="FKIndexAssociation" vid_source="8B262E07-5D6F-F7B0-FF18-155091885E07" vid_target="7E4A3F9B-B39C-3517-9006-1F34C852F9FA">
<hideElementsInCurrentOnly>false</hideElementsInCurrentOnly>
<backgroundColor>-16777216</backgroundColor>
<lineWidth>1</lineWidth>
<points>
<point x="381" y="499"/>
<point x="540" y="499"/>
</points>
</Connector>
<Connector class="oracle.dbtools.crest.swingui.relational.TVFKRelation" oid="D5199B1F-51FD-6214-CBA8-BC791481C3B9" otype="FKIndexAssociation" vid_source="C5923650-3FED-1D0F-1B3E-A84DAE25926A" vid_target="78FF3ED7-4D6D-0969-9912-4EC2D0AA5F22">
<hideElementsInCurrentOnly>false</hideElementsInCurrentOnly>
<backgroundColor>-16777216</backgroundColor>
<lineWidth>1</lineWidth>
<points>
<point x="664" y="138"/>
<point x="664" y="220"/>
</points>
</Connector>
</connectors>
</Diagram>
